Download URL,Note,Track Name
https://www.youtube.com/watch?v=5t5QSiydF9Y,needs end cut
https://www.youtube.com/watch?v=bChlP50NkuA,needs end cut
https://www.youtube.com/watch?v=hzaJntUd9gE,needs end cut
https://www.youtube.com/watch?v=h-V7H4hBImw,needs end cut
https://www.youtube.com/watch?v=_mmZAiD0RXE,might need edit
https://www.youtube.com/watch?v=bur01adAU4s,might need edit
https://www.youtube.com/watch?v=n1MbdC5aP40,favorite and needs edit
https://www.youtube.com/watch?v=SgaXBskuJjU,needs edit
https://www.youtube.com/watch?v=qNCDnm96TJE,might need edit
https://www.youtube.com/watch?v=DFUVFprXYEM,needs edit
https://www.youtube.com/watch?v=PNwuP3L01yg,needs edit
https://www.youtube.com/watch?v=XWfsKsCulOc,needs edit
https://www.youtube.com/watch?v=2bPYEk_FGr0,needs edit
https://www.youtube.com/watch?v=cQuT39S4SoI,needs edit
https://www.youtube.com/watch?v=4JkIs37a2JE,needs edit
https://www.youtube.com/watch?v=KgHkNJcXbqs,might need edit
https://www.youtube.com/watch?v=6N8Cf_iIm0s,fuck idk

https://www.youtube.com/watch?v=B1lNhNHdoPI
https://www.youtube.com/watch?v=mYox1YFfGw4,favorite
https://www.youtube.com/watch?v=PZE89NFYb04
https://www.youtube.com/watch?v=XHFPuH5iEww,favorite
