Jungle - House In LA	
Jack Wall - Vigil	
Phace - Basic Memory (Mefjus Remix)	
London Elektricity - USKA	
Edward Rizo – Hypothermia	
Puscifer – Dear Brother	
M.I.A. – Paper Planes (DFA Remix)	
Freedom Fighters, Ivort – Creature from the Lost World (Original Mix)	
No Concept - Autonomy (Original Mix)	
Sleepy Fish - Metro Lines	
FC Kahuna - Hayling	
Yoshihisa Hirano, Hideki Taniuchi and Various - Sinigami Kai	
melodysheep - A Sound from the Void	
Freeland - We Want Your Soul	Freeland – We Want Your Soul
Savlonic - Angles	Savlonic – Angles
Axel Thesleff - Eco (CloZee Remix)	
Avalon, Mad Tribe - World of Tomorrow (Original Mix)	
Sony Computer Entertainment - PS2 System Menu	
Koji Kondo - Steam Gardens	
Boom Boom Satellites - On The Painted Desert	
BT - Smartbomb	
Jeremy Blake - Cerulean Drip	
Lorn – Diamond	
Lazy Rich, Felguk - Dance To The Beat (Extended Mix)	
Above & Beyond feat. Alex Vargas - Blue Sky Action (Extended Radio Mix)	
Infected Mushroom - Walking on the Moon (Bad Computer Remix)	
FWLR - Hot (Original Mix)	
Tennyson - 7:00 AM	
Years & Years - Real (J.A.C.K Remix)	
Wolfgun - To The Horizon	
Boom Boom Satellites - Flutter	
Unseen Dimensions & DMA – Silent	
Lunatic Soul - Rinsing The Night	
Technikore - All Night (Extended Mix)	
Above & Beyond – We’re All We Need feat. Zoe Johnston	
Four Tet - 4T Recordings (Original Mix)	
SWACQ - No Strings Attached (Extended Mix)	
Zammuto – Great Equator	
Bitmonx, Fabio – Erdbeer Kiwi (Captain Hook & DJ Wasabi Remix)	
Roberto Surace - Joys (Jonas Blue Extended Remix)	
Jeremy Blake – Scope	
Itai, Roderic - Metamorphosis (Original Mix)	
Mr. Rogers - I'll Take You (Jenaux Remix)	Mr. Rogers – I’ll Take You (Jenaux Remix)
Klippa - Arcadepunk	
Lemaitre - Cut to Black	
bignic – Modern Pentathalon	
Professor Elemental - Good Morning feat. Nick Maxwell	
Le Couleur - Vacances de 87 (Carpenter Brut Remix) (feat. French Horn Rebellion)	
Louis Vivet - Silvia (Mielo Remix)	Louis Vivet – Silvia (Mielo Remix)
Kyan - Like Summer	
Suntree - High Vibration (Original Mix)	
Doug Hammer – glorious	
Bombs Away – Swagger (Rocket Pimp Remix)	Bombs Away - Swagger (Rocket Pimp Remix)
Cheap Cuts - Check Your Phone (feat. Pete Wentz)	
CloZee - Larcin	
The Glitch Mob – Starve The Ego, Feed The Soul	
Big Data - Dangerous	
Neelix – Ask The Right Questions (Hanzo Remix)	
Fort Arkansas - The Deep End (Croatia Squad Remix)	
Jockspot - Jockspot - Orion (Original Mix)	
Fleetwood Mac - Gold Dust Woman	Fleetwood Mac – Gold Dust Woman
Dan Terminus – Cherenkov Blue Overdriver	
Juan RIOS - Arrecife	
Rchetype - This Current Impasse	
Jeremy Blake – Good Morning, Infinity	Jeremy Blake - Good Morning, Infinity
The Bird and the Bee - Polite Dance Song	The Bird and the Bee – Polite Dance Song
Elysium - Slap Soup (Cheshire Remix)	
Sunny Day Sets Fire - Brainless (Baron Von Luxxury Remix)	Sunny Day Sets Fire – Brainless (Baron Von Luxxury Remix)
Zero 7 – In The Waiting Line	Zero 7 - In The Waiting Line
Rchetype - Pierce The Heavens VIP	
Auvic - The Oathkeeper	
Curbi - Too Much (Extended Mix)	
Steff Da Campo, Magnificence - Out Of My Mind (Original Mix)	
AC/DC - Shot in the Dark	
XAI - エバーグリーン	
The Qemists, Zardonic - Takeover (Original Mix)	
Alt-J – Left Hand Free	Alt-J - Left Hand Free
Fever The Ghost – Source	Fever The Ghost - Source
Trentemøller – Moan (Trentemøller Remix)	
Nigel Good feat Sarah Clark – Always Running (Original Mix)	Nigel Good feat Sarah Clark - Always Running (Original Mix)
20syl – Copycat feat Fashawn instrumental	
Yanivi – Rock This Joint Feat. Bella Potchy (Original Mix)	Yanivi - Rock This Joint Feat. Bella Potchy (Original Mix)
The Correspondents - Apocalypse	
Above & Beyond - Flying By Candlelight feat. Marty Longstaff (Above & Beyond Club Mix)	
BSOD - Pitches Love Me	
Renzo Marini – Insane Robot (Digital Mess Remix)	Renzo Marini - Insane Robot (Digital Mess Remix)
Tiesto, SWACQ - Sumos (Extended Mix)	
NoMBe - Freak Like Me	
Juice Rap News – THE INTERNET feat. Dan Bull	
Deluka – Sleep Is Impossible	Deluka - Sleep Is Impossible
Johnny Klimek, Tom Tykwer, and Gabriel Mounsey - Too Slow	
Bobmo – Sonic Soul	Bobmo - Sonic Soul
Zookeepers, LittGloss - Wherever You Want	
Hybrid - Break My Soul (Original Mix)	Hybrid – Break My Soul (Original Mix)
ilLegal Content - Fashion Killer (Original Mix)	
Prairie Cartel - Homicide [Explicit]	
Glen Phillips – Greer Zoller from Coyote Sessions	
Conte – Pedals	
Sophie Ellis-Bextor – Revolution	Sophie Ellis-Bextor - Revolution
Element, Rinkadink, Major7 – Drop (Original Mix)	
Metronome - Pure Mathematics (Original Mix)	
Fatboy Slim – Right Here, Right Now	Fatboy Slim - Right Here, Right Now
Night Riots - Tokyo Diamond Eyes (feat. The Holy Dark) [Acoustic]	
Dog Blood - Next Order (Original Mix)	
DJ Alex Phantom - Move [Dirtyloud Remix] / Sandstorm (Tim Healey and Marc Adamo / Darude)	
Chris Zabriskie – The Theatrical Poster for Poltergeist III	
Jacob, Mandragora - Thousand Words (Original Mix)	
Jan Hammer – Trance	
Battles – Atlas	
Deepend, She Keeps Bees - Desire (feat. She Keeps Bees) (Extended Mix)	
Thomas Vent - Backwoods Man (Original Mix)	
Max Sedgley – Slowly	
The Cult - She Sells Sanctuary (long version)	
Tom Tykwer, Johnny Klimek & Reinhold Heil - The International - End Title	Tom Tykwer, Johnny Klimek & Reinhold Heil – The International – End Title
Younger Brother - Sleepwalker Part 2 (Original Mix)	
Koan Sound - Silk Wave	
The Sponges - Funked Up (Extended Mix)	
Haim - Now I'm In It	
Ochre - The Everywhere End	
Jackson & His Computer Band - Teen Beat Ocean	Jackson & His Computer Band – Teen Beat Ocean
Soulwax - NY Excuse	
Jerome Isma-Ae, Alastor – Tiger (Extended Mix)	
sneppid - lines of snow	sneppid – lines of snow
Alec Benjamin - The Boy In The Bubble	
Professor Kliq – Crystals	Professor Kliq - Crystals
Tom Tykwer & Johnny Klimek - Tick Tock	Tom Tykwer & Johnny Klimek – Tick Tock
Younger Brother - Sleepwalker Part 2	
Depp & Keio – On Heels (Original Mix)	
Boom Boom Satellites - Bring It On Down	
Lincoln Grounds & Randall Breneman – Death Row	Lincoln Grounds & Randall Breneman - Death Row
Shift K3Y - Push Ya Back Out (Extended Mix)	
Nightmares On Wax – I Am You (Live In Chicago) (Original Mix)	Nightmares On Wax - I Am You (Live In Chicago) (Original Mix)
Sunnery James &amp; Ryan Marciano - Don't Make Me Wait (Extended Mix)	
The Brainkiller - Don't Make Me Hurt (Original Mix)	
Kate McGarry - Climb Down	
CRX – Broken Bones	CRX - Broken Bones
Mind Tree – Close Your Eyes So You Can See	Mind Tree - Close Your Eyes So You Can See
YUNGBLUD - 21st Century Liability [Explicit]	
fRew – Under The Sun [Lazy Rich Remix]	
ilLegal Content - Relationships (Original Mix)	ilLegal Content – Relationships (Original Mix)
Wiz Khalifa, Ty Dolla $ign, Lil Yachty, Sueco the Child - Speed Me Up	Wiz Khalifa, Ty Dolla $ign, Lil Yachty & Sueco the Child - Speed Me Up
Badger – Intro	
Ronald Jenkees - Snap	
Renzo Marini - Insane Robot	
Radiohead - Everything in Its Right Place	Radiohead – Everything in Its Right Place
Stephan Bodzin – Sungam (Original Mix)	
Trentemoller - Live @ Coachella Festival 2011	
The Crystal Method – Name Of The Game	
Aspyer - Symphony (Extended Mix)	
Adam Fielding – And All Is As It Should Be	
Kanine - Calculate	
twoloud - Move (Showtek Edit)	twoloud – Move (Showtek Edit)
Carl Carlton - Groovin	
Sitting Duck, Hoffy Beats - Fond Memories	
NERVO ft. Steve Aoki & Afrojack - We're All No One (The Noisy Freaks Remix)	
Moby – Go (Trentemøller Remix)	
Woodkid - Run Boy Run	
Trifonic - Emergence	Trifonic – Emergence
Cheshire - Sugar Flip feat. Def3 (Original Mix)	
Infected Mushroom - The French	
Yoshihisa Hirano, Hideki Taniuchi and Various – Death Note	
Professor Kliq – Heild – Night Sky (soundcloud rip)	
Akira - End Credits	Akira – End Credits
Aaron Carter – Bounce	
Gui Boratto - Galuchat (Original Mix)	
Tapesh, Dayne S – How I Do (Original Mix)	Tapesh, Dayne S - How I Do (Original Mix)
3typen - Little Pretty Thing (feat. Bryan Kessler)	3typen – Little Pretty Thing (feat. Bryan Kessler)
Yo Speed - Blaz It Up (ilLegal Content Remix)	
Jockspot – Orion (Original Mix)	Jockspot - Orion (Original Mix)
Gabriel & Dresden, D-Wayne – Shatter (Alex M.O.R.P.H. Remix)	Gabriel & Dresden, D-Wayne - Shatter (Alex M.O.R.P.H. Remix)
Phil Collins - Trashin' The Camp	
Proton 42 - Serendipity Friend	
Dua Lipa - Swan Song (From the Motion Picture "Alita: Battle Angel") [Calibre Remix]	
Justice - Safe and Sound	Justice – Safe and Sound|Justice - Safe And Sound
Legiac - the Faex Has Decimated	
MUZZ - Born For This	
salvatorecorsi – everything in it’s right place (cover) (instrumental)	
Fox Stevenson – Endless (Original Mix)	
Me & My Toothbrush - Push the Tempo (Original Club Mix)	
C2C Feat Kentaro And Netik And Rafik And Tigerstyle And Vajra - Le Banquet	C2C Feat Kentaro And Netik And Rafik And Tigerstyle And Vajra – Le Banquet
Boogrov – Desert (Original Mix)	Boogrov - Desert (Original Mix)
Pedestrian Tactics - Where'd My Head Go? (Original Mix)	
Younger Brother – Magic Monkey Juice	
fox capture plan - Butterfly Effect	
Funkstörung - Laid Out feat. Anothr	Funkstörung - Laid Out (feat. Anothr)|Funkstörung – Laid Out feat. Anothr
Nightmares On Wax - Citizen Kane (DJ Marky Reinterpretation)	
Death Cab For Cutie - Black Sun	
Tommy Jayden - Level Up (Extended Version / Beatport Exclusive)	
Dirtwire - Stranger	
Gui Boratto - Tales From The Lab (Part 2)	
Fleur – Turn The Lights On (Extended Mix)	
Klangkarussell - Sonnentanz	
Daði Freyr - Think About Things	
Kay Starr – I’ve Got My Love To Keep Me Warm (STUHR Remix)	
Dawes - From a Window Seat	Dawes - From A Window Seat|Dawes – From A Window Seat
L'Indécis - Fried Potatoes	
Shade K, Lady Shade - Mad Hot Love (Dub Edit)	
Ben Lukas Boysen - Sleepers Beat Theme	
Ross D – I Need You	Ross D - I Need You
The Struts - Kiss This	
Notaker – So Much Love	
ODESZA – Line Of Sight (feat. WYNNE & Mansionair)	
Deadmau5 - Imaginary Friends	
Gramatik – Swucca Chust	
Ochre - Abbau	
Dj Future - When We Go VIP (Original Mix)	
Grafton Primary - Closer	Grafton Primary – Closer
Phutureprimitive – Predatory Instincts	
3301 - Interconnectedness	
Kick The Habit – Insane (Original Mix)	
Trentemoller - Vamp	
Hankook - What? (Original Mix)	
Liquid Soul, Zyce, Solar Kid – We Come In Peace (Talpa Remix)	Liquid Soul, Zyce, Solar Kid - We Come In Peace (Talpa Remix)
K/DA - MORE	
QZB - Silence Rings Loudest (Original Mix)	
Zephire - Desperation (Primate Remix)	
Jungle - Busy Earnin'	Jungle – Busy Earnin’
Johnnyrandom – Bespoken	
Ariana Grande – Into You (3LAU Remix)	
Naoto Kubo - To the Next Kingdom	
BT – 1.618	
Calyx & Teebee - Strung Out	
BOOM BOOM SATELLITES - Let It Lift	
Dian Solo - Bad (DJ Vartan & Techcrasher Remix)	
HALLEY LABS R&D – 2014-06-17 – dr	
London Grammar - Strong (RAC Remix)	
Queensryche – Operation: Mindcrime	
Stevie Wonder – Superstition (The Noisy Freaks Remix final)	
Sam Houghton & Yakobo - Welcome To Europa	
Counting Crows – Mr. Jones	
Platinum Doug - Do It Like This (Original Mix)	
Jeremy Blake - Deeper In You	
FKN Feat. Jahala – Why (Aly & Fila Remix)	
Klaypex – New Kids	Klaypex - New Kids
bt - ride	
Dave Matthews Band - #27	
Luke James, Tchami – World To Me (feat. Luke James) (Cazztek Remix) (Original Mix)	
Chickenfoot – Oh Yeah	
菅野よう子 (Yoko Kanno) - lava (feat. POP ETC)	
Luca Debonaire - Proper Education Feat. Fabian (Original Mix)	
Ochre - Reunion	
C2C – Down the Road	C2C – Down The Road
Pet Shop Boys - Sodom (Trentemøller Mix)	
leavv - connection	
Moe Shop - Natural (w/ Ace Hashimoto)	
Jeremy Blake - Disconnected Morning	
Tamtrum – Milky Boy	Tamtrum - Milky Boy
Seven Lions & Jason Ross - Higher Love	
Bill Brown – Tour6bed – Windows XP OS	Bill Brown – Tour6Bed Windows XP OS|Bill Brown - Tour6bed - WindowsXP OS
EEXEE - Poison	
Music P, Marque Aurel - Shook Up (Original Mix)	Music P, Marque Aurel – Shook Up (Original Mix)
Ben Salisbury, Geoff Barrow - Entering Devs [FNT Edit]	
Matrix & Futurebound - This Time feat. James Walsh (Original Mix)	
The Heavy - Put It on the Line (Theme from Borderlands)	
Aperture Science Psychoacoustics Laboratory – Robot Waiting Room #6	
Louis Vivet - Silvia (Feat. Jordan Humphrey) (Mielo Remix)	
Khruangbin - The Number 4	Khruangbin – The Number 4
Belles in Monica - Y'All Under Surveillance (G-Sharp Remix)	
From The Airport – Chemical Love	
Phaeleh – Journey	Phaeleh - Journey
Ugo Lucchese – Inside (Andrea Bertolini Remix)	
Professor Kliq – Mouth Money	Professor Kliq - Mouth Money
SAINT WKND & NO SPIRIT - Changed My Mind	
Tamtrum – Ass Rider	Tamtrum - Ass Rider
Frozen OST – Fixer Upper	
Wolfgun - Time	
Phoenix - Love Like a Sunset, Part II	Phoenix – Love Like a Sunset, Part II
Christophe Heral – Home sweet home	Christophe Heral - Home sweet home
Lungfulls - God	
Thomas Vent – Grace (Original Mix)	Thomas Vent - Grace (Original Mix)
Meg Myers – Motel	Meg Myers - Motel
rabbit_girl - anywhere but here	
Adam Fielding – The Glow	
From Now On - Clearer Views	
Dan Veytia - Get Sucked / Gettin' Over You (Umek / David Guetta)	
Ean Golden - Waking Earth	
Module – Beneath A Calm Surface	
EyeOnEyez Gucci Mane Pedestrian Tactics - Polar Bear (feat. Gucci Mane) [Pedestrian Tactics Remix]	
Alev Lenz - May The Angels	
GROUPLOVE – Ways To Go (Album Version)	
Mystic State, Elias, Third Degree – Mystic State – Viewpoint (feat. Lucy Kitchen)	
X&G, RayRay - Seven  (feat. RayRay) (Pedestrian Tactics Remix)	
Justice – Waters Of Nazareth	
ØDYSSEE, Florent Garcia - Calm	
Dian Solo - Cocaine (DJ Vartan & Techcrasher Remix)	
Jeremy Blake - Stardrive	
The Avener – Fade Out Lines (Original Mix)	The Avener - Fade Out Lines (Original Mix)
Zammuto – Don’t Be A Tool	
Max Richter & Sheila Atim & Mari Samuelsen - Richter: All Human Beings (Narrated by Sheila Atim)	
Ochre – Zelda Remix	
Philanthrope, Dayle - Ocean Patio	
Jungle - Cherry	
Deorro - Five Hours (Don’t Hold Me Back) feat. DyCy (Vocal Radio Edit)	
Beastie Boys – Transitions	Beastie Boys - Transitions
Bobby Trafalger - Home Shopping	
Professor Kliq – Museum (Fakeout Funk)	Professor Kliq - Museum (Fakeout Funk)
Andy Bey - Celestial Blues	
Trevor Something - Staring at the Sun	Trevor Something – Staring at the Sun
deadmau5 – Somewhere Up Here	deadmau5 - Somewhere Up Here
Yasper - Fly	
Else – Pacific 704	
BT vs. The Doors - Break On Through (To the Other Side) [Remix]	
Sub Focus, Wilkinson - Illuminate (Extended Mix)	
MGMT – Electric Feel [Justice Remix]	
Invention - Hijack (Original Mix)	
Tony Anderson - Drift	
Alex Metric & Steve Angello – Open Your Eyes (Original Mix)	
Jon Gomm - Dream Factories	
InsideInfo, Hybrid Minds, Laville - Split In 2 (Original Mix)	
Bear Hands – Agora	
Jon Hopkins - Vessel	
Way Out West - Earth (Wave Form Remix)	
Pig&Dan - Breadrin Beats (Nicolas Massayeff Remix)	
Space Cat, Pixel - Clear Test Signal (Pixel & Vini Vici Remix)	
Kyan - Lonely River Acoustic (Recorded Live at Abbey Road)	
Casey LaLonde - In June (3noneTwo Remix)	
Neelix – You & I Belong (Progressive Mix)	Neelix - You & I Belong (Progressive Mix)
BOOM BOOM SATELLITES – Porcupine	BOOM BOOM SATELLITES - Porcupine
Block & Crown, AXA - Can You Feel The Groove (Club Mix)	
Unlike Pluto - Cruel (Pluto Tapes)	
Eleonora, Jelly For The Babies, Ultravizion - Amber Lake (OHMZ Deep Vision)	
Dian Solo - Let Me Entertain You (Original Mix)	
Klaypex – Together (Original Mix)	Klaypex - Together (Original Mix)
Kyan - Nothing Beyond	
The Prodigy – Mindfields	The Prodigy - Mindfields
Tritonal, Cristina Soto - Lifted (Mat Zo Remix)	
Matroda, Shapeless - Jungle In Brazil (Extended Mix)	
FC Kahuna, John Digweed, Damian Lazarus - Hayling (John Digweed & Nick Muir Reprise)	
Above & Beyond - Alone Tonight (Live At The Hollywood Bowl)	
Nicolas Masseyeff – Yianu	Nicolas Masseyeff - Yianu
bignic - The End of Something Big	
Keenhouse - Deep In The Forest	
Sordid Affair - Röyksopp	
Vortex - Doing It (Original Mix)	
Bongo and The Soul Jar - Rivers	
Sebastien Leger - La Danse Du Scorpion (Julian Wassermann Remix)	
Mika – Love Today	
Pendulum - Girl In The Fire	Pendulum – Girl In The Fire
Wolfgun - Belief	
Throttle - Money Maker (Club Mix)	Throttle – Money Maker (Club Mix)
deadmau5 - BLOOD FOR THE BLOODGOAT	
Emapea - Big Small Talks	
Renegade Brass Band - Vicarious Visions	
Agnes Obel - Familiar	
Elite Force & Friends - Same Island	
サカナクション (Sakanaction) - Ame (B) –SAKANATRIBE × ATM version-	
Pointer Sisters - Automatic (SNDCLSH & DJ Kue Remix)	
Karma Fields – For Me (Original Mix)	
Frozen OST – Reindeer(s) Are Better Than People	
Black Strobe - Boogie In Zero Gravity (Radio Edit)	Black Strobe – Boogie In Zero Gravity (Radio Edit)'
Mirrored Theory - I Dare You	
Twin View – F.A.S. (Miles Dyson DJ-Friendly Makeover)	
deuteronomy - late to pillow	
Wolfgun - REM	
Wassim Younes – Maia (Estray Remix)	
Sam Hulick - Uncharted Worlds	
Bongo and The Soul Jar - Western road	
Komatic, Technicolour - The Glow (Original Mix)	
Pyramid, Colombo - Tension (Original Mix)	
Missio - Middle Fingers	
Dynamite MC, Krafty Kuts - Masterplan (feat. Dynamite MC) (Original Mix)	
Pedestrian Tactics - Ghost	Pedestrian Tactics – Ghost
Trentemøller - Redefine (Trentemøller Rework)	Trentemøller – Redefine (Trentemøller Rework)
Moontricks - Soul Baby	
Bleachers – I Wanna Get Better	
Jose James - Work Song	Jose James – Work Song
Alison Wonderland - Already Gone (ft. BRAVE & Lido) [Far & Few X LOKI Flip]	
Morten Granau, Ghost Rider - Who Am I (Original Mix)	
Slightly Stoopid - The Prophet	
Hats - Keep It Inside (Original Mix)	
OVERWERK - 12:30	OVERWERK – 12:30
Armin van Buuren, Alok, Vini Vici, Zafrir - United feat. Zafrir (Extended Mix)	
Pineo & Loeb & Sparkee - Ghosts 'N' Stuff (feat. Christiana)	
Deluka – Sleep Is Impossible [Explicit]	
Apstract – As We Fall Silent	Apstract - As We Fall Silent
Trent Reznor and Atticus Ross - Almost Home	
Christine and the Queens - I disappear in your arms (bonus)	
Gammer – Pigface (Dougal & Gammer Edit)	Gammer - Pigface (Dougal & Gammer Edit)
Tokyo Machine - ROCK IT	Tokyo Machine – ROCK IT
Johan Vilborg – 02 Altara (Nigel Good Remix)	
The Noisy Freaks & J.A.C.K – We Are The Ones	The Noisy Freaks & J.A.C.K - We Are The Ones
菅野よう子 (Yoko Kanno) - walt	
Technimatic – Imperfections (Interlude) (Original Mix)	Technimatic - Imperfections (Interlude) (Original Mix)
The Crystal Method - High Roller	The Crystal Method – High Roller
plusma - case closed	
Loopers, Dyro - I Know U (Original Mix)	
Moods, Yasper - Pick Up	
Professor Kliq - Lakeview East	
William Orbit – Humming Chorus	
The Avener - Celestial Blues (The Avener Rework)	
BT - Pale Antlers	
Edwin Starr – War (Tinush Remix)	
The Correspondents – What’s Happened to Soho?	
Jeremy Blake - You Will Hear Thunder	
Principles Of Geometry – Runner	Principles Of Geometry - Runner
Wolfgang Gartner, Omarion - Still My Baby feat. Omarion (Extended Mix)	
AGL - Monophonic	
Future Funk Squad - Blow (Kid Digital & Rubber Remix)	
Smokey Joe & The Kid – Trippin’ (feat. Puppetmastaz)	
SLANDER & Said The Sky  - Potions (Au5 Remix) [feat. JT Roach]	
Boom Kitty - Any Other Way (feat. Ivy Marie)	
the olllam – The Tryst After Death (Oddy’s Down-low Cut)	
Trent Reznor and Atticus Ross - A Familiar Taste	
Coppola, 2STRANGE - Kings & Queens (feat. 2STRANGE) (Original Mix)	
Quintino, Sandro Silva - Epic (Garmiani Extended Remix)	
BONES UK - Filthy Freaks	
The Noisy Freaks – Tonight (Original Mix)	
Aperture Science Psychoacoustics Laboratory – Don't Do It	
Andrew Bayer – Counting The Points	Andrew Bayer - Counting the Points
Robotaki – Automaton	
Infected Mushroom – Before	
BT - The Internal Locus	BT – The Internal Locus
Adri Block, Marc Mosca - Watson Can Jack (Jackin Club Mix)	
Etherwood – Give It Up	
David Arnold and Michael Price - The Game Is On	David Arnold and Michael Price – The Game Is On
Kaya Project - Crossing the River (Original Mix)	
Klunsh – Imaona (Original Mix)	
Liberty Chaps - Fungalize (Original Mix)	
Au5 & AMIDY feat. Karra - Way Down [Paradox's Melody Only Edit]	
Koop – Waltz for Koop (feat. Cecilia Stalin)	
Wolfgang Lohr, The Swinghoppers - Party Like Its 1920 (Original Mix)	
Loud, Emok & Vice – Om (Extended Mix)	Loud, Emok & Vice - Om (Extended Mix)
sneppid – moon (2013 remaster)	sneppid - moon (2013 remaster)
Tycho - Dye	
Stephan Bodzin - Luka-Leon	
Monsta - Messiah (Feed Me Remix)	Monsta – Messiah (Feed Me Remix)
Deep Kontakt - Highway To The Sun feat. Noa Jensi (Original Mix)	
Bill Withers - Use Me	Bill Withers – Use Me
Blaster - Lazers (Original Mix)	Blaster – Lazers (Original Mix)
Mr. Bungle – None of Them Knew They Were Robots	
Feed Me - Chinchilla	Feed Me – Chinchilla
Henge - the Great Venutian Apocalypse	
Gramatik – War of the Currents	Gramatik - War of the Currents
Jewelz &amp; Sparks - Hard (Extended Mix)	
Gramatik - Native Son feat. Raekwon & Orlando Napier	
Lyre le temps – Looking Like This	Lyre le temps - Looking Like This
The Fear Ratio - Sect	
Aaron Parks – Nemesis	Aaron Parks - Nemesis
BOOM BOOM SATELLITES - PANACEA	
Koven & Crystal Skies – You Me And Gravity	
P.A.Y.T.O.N – Interlude	P.A.Y.T.O.N - Interlude
Zircon - Level Bounce	
Pale 3 - Opening (Sissi Search) (Pale 3 feat. Michael Brook)	
HI-LO – Men On Mars (Extended Mix)	
Snoop Dogg, Hardwell, Conor Maynard - How You Love Me (Mike Williams Extended Mix)	
Aura Vortex, Blazy - Interlude (Original Mix)	
Lapfox - The Wall (Production stem)	
Keerd - Mind's Eye (Original Mix)	
Charli Brix, QZB - Take It All VIP feat. Charli Brix (Original Mix)	
DJ Shadow – The Number Song	
Sub Focus - Turn Back Time (Special Request Remix)	Sub Focus – Turn Back Time (Special Request Remix)
Trentemøeller - Silver Surfer, Ghost Rider Go	
Swing Republic – Not Alone	
Kyle Watson, The Sponges - The Ratchet Express (Extended Mix)	
Hot Chip - Thieves In the Night	Hot Chip – Thieves In the Night
Duumu & Kori - Together	
LQ - Keep Hiding (Original Mix)	
Favright & Pixl - The Mob (Original Mix)	
Anna Yvette & Laura Brehm – Summer Never Ends	Anna Yvette & Laura Brehm - Summer Never Ends
Free - Oh I Wept	
Phutureprimitive - Teardrop (Phutureprimitive Remix)	
Olaf Stuut – Polygon Vista (Original Mix)	
Jobe – Orcus (Original Mix)	
Blue Dot Sessions - Tower of Mirrors (Atmospheric)	
jco - Leave me while you can	
Freeland - Supernatural Thing	
PULPALICIOUS – Dirty (FUKKK OFF Rmx)	
bignic - Modern	
Pendulum – Streamline	
Coyote Kisses – Acid Wolfpack (Original Mix)	
Soulwax - Is It Always Binary	
Duran Duran - Want You More!	
Cage The Elephant – In One Ear	
Mystery Skulls - Paralyzed (Ghosts of Venice Remix) [Explicit]	
GRiZ – A Fine Way to Die feat. Orlando Napier	
FUKC - Ride	
Madvillain – America’s Most Blunted (ft. Quas)	
Raise Spirit - Don't Let Go (Polygon Remix)	
Autolux - Blanket	
No Mana - Static	
Shift K3Y - Rhythm Of The Drum (Extended Mix)	
Blue Dot Sessions - In Passage	
The Sure Fire Soul Ensemble - Out On The Coast	
The Alan Parsons Project - I Wouldn't Want To Be Like You	
Max Cavalerra - Heile Welt (Original Mix)	Max Cavalerra – Heile Welt (Original Mix)
Massive Attack – Dissolved Girl	
David Bowie - I'm Afraid Of Americans (V1 Radio Edit)	David Bowie – I’m Afraid Of Americans (V1 Radio Edit)
Technimatic - Flashbulb (Original Mix)	
Thematic - Mutation (Original Mix)	
Austero - Waterdogs	
Freeland - Rock On	
Jeremy Blake - Tight Ship	
Mr FijiWiji & Direct – Tomorrow (feat. Matt Van & Holly Drummond)	Mr FijiWiji & Direct - Tomorrow (feat. Matt Van & Holly Drummond)
Dian Solo - Cocaine (Original Mix)	
Curtis B & Houserocka - Ka Tako Grill Complextro (ReRub Mix)	
Cosmic Energy, Heavy Drop - The Future (Original Mix)	
Miss Palmer, Jimmy Clash, Juicy M - Rowcraft (Extended Mix)	
she - Day 2	
KOAN Sound – Eastern Thug (Original Mix)	KOAN Sound - Eastern Thug (Original Mix)
Phoenix – Love Like a Sunset, Part I	Phoenix - Love Like a Sunset, Part I
Stevie Wonder - Superstition (C2C Remix)	
Lone - Dragonrush (Original Mix)	
Royal Blood – Figure It Out	Royal Blood - Figure It Out
deadmau5 – Gula redux	deadmau5 - Gula redux
Bad Computer – Disarray	
Marten Hørger, SkiiTour - Redlight (Original Mix)	
Dead C.A.T Bounce Feat. Emily Underhill - Nothing to Say (Original Mix)	
Caravan Palace - Lone Digger	Caravan Palace – Lone Digger
Kaskade - Disarm You ft. Ilsey (Grey Remix)	
Tiny Magnetic Pets - Cold War Neon	
Boards of Canada - Peacock Tail	
Lettuce – Get Greasy	Lettuce - Get Greasy
Visinin - Noneshallpass	visinin – noneshallpass|visinin - noneshallpass
flavors - demise	
Blakwall - Rebel Yell	
Above & Beyond – Good For Me	Above & Beyond - Good For Me
Unlike Pluto – Sweet (feat. Mister Blonde)	Unlike Pluto - Sweet (feat. Mister Blonde)
Annella - Kisse Misse	
The Sponges - Make It Juicy! (Original Mix)	
Darth & Vader, Shapeless – Ritual (Original)	
Tears For Fears – Shout (Wrath’s Grum Edit)	
Silent Partner - Strange Ways	
Marcus Marr, Chet Faker - Learning For Your Love	Marcus Marr, Chet Faker – Learning For Your Love
The Crystal Method - Busy Child	
Mac Quayle - 405.7 Ziptie Door	
Wolfgun - Twilight Castle	
DJanthro – the world	
Half an Orange - Buzz Lightyear (WRLD Remix)	
Cage the Elephant - Ain't No Rest for the Wicked	
Pierce Fulton - Commodore 64	
Above & Beyond - Quieter Is Louder	
Gloria Tells - Heartbreaker (Instrumental Version)	
Jaco, Speed Limits, Joni Fatora - Palm Of Your Hand (Ownglow Remix)	
Boom Boom Satellites - Upside Down	
Mikel & GameChops - Dark World	
Bill Brown – Tour Intro Windows XP	
Skunk Anansie - My Ugly Boy	Skunk Anansie – My Ugly Boy
Tim Shiel - Moon Scars	
Kabuto The Python – Those Minerals	Kabuto The Python - Those Minerals
TeZATalks - Love ft. Kody Ryan (Acoustic)	TeZATalks – Love ft. Kody Ryan (Acoustic)
Chords - Video Soul (Original Mix)	
Loge21 - New Life (Original Mix)	
Gramatik – No Way Out	Gramatik - No Way Out
Kate Miller-Heidke - Zero Gravity	
Hideki Naganuma - AIN'T NOTHIN' LIKE A FUNKY BEAT	
William Orbit – Surfin	
Bladerunner - Destination Jungle (Original Mix)	
Murdock - Holding On feat. James Marvel (Extended Mix)	
Yoshihisa Hirano & Hideki Taniuchi - Kyrie II	
Auvic - Ready Steady Go	
Kyson – How Long	
dZihan & Kamien - Bazooka	
Air - All I Need	Air – All I Need
Aggresivnes - Put The New Needle (Colombo Remix)	Aggresivnes – Put The New Needle (Colombo Remix)
The Darrow Chem Syndicate - Men In Soggy Sorrow (Kid Panel Remix)	
Blue Dot Sessions - This Our Home	
Mord Fustang - The Morning After The Morning After Pill (Original Mix)	
Wolfgun – Road to Jupiter	
Wolfgun – Extol	Wolfgun - Extol
Sky Force Reloaded OST Track #0 (Main Menu)	
Neffex - Dangerous	
Darkside – Heart	Darkside - Heart
Major Lazer – Get Free	
Professor Kliq – All That Matters	Professor Kliq - All That Matters
The Faint – Forever Growing Centipedes	
Seven Lions, Jason Ross & Jonathan Mendelsohn - Ocean	
deadmau5 & Imogen Heap – Telemiscommunications	
LAOS – Beautiful	
Hasbro Interactive – Frogger Sky Level	Hasbro Interactive - Frogger Sky Level
The Small Faces - Ogdens' Nut Gone Flake	The Small Faces – Ogdens’ Nut Gone Flake
Koda & Bijou - There	Koda & Bijou – There
GENERAL MIDI - Milton	GENERAL MIDI – Milton
Lamb – Wise Enough	Lamb - Wise Enough
Fedde Le Grand – Give Me Some (Fedde le Grand, Merk & Kremont) [Radio Edit, Extended Mix]	
Polite Fiction & Audiodile - Get Chemical (visinin 120µg remix)	Polite Fiction & Audiodile – Get Chemical (visinin 120µg remix)
Jeremy Blake - Flex	
Rider Shafique, QZB - City On Lock (Original Mix)	
The Spencer Lee Band – The Wolf	
Phoenix - Bankrupt!	
Du Tonc – Surging Memories (Original)	
Pogo – Crimson	Pogo - Crimson
Lemaitre - Control (feat. Jerry Folk)	
L Plus - Challenger	
Genesis – There Must Be Some Other Way	
LQ - Half Choir (Original Mix)	
José James – Work Song	Jos James - Work Song
Air – Alone In Kyoto	
Justice - D.A.N.C.E. (Live Version)	
I DONT KNOW HOW BUT THEY FOUND ME - Sugar Pills	
Wolfgun – Valkyrie (Cathedral in the Woods)	Wolfgun - Valkyrie (Cathedral in the Woods)
The Queenstons - Hello Bed	
Death Cab For Cutie – Black Sun (NPR Tiny Desk Concert Version)	
VOLO - Last Nomad	
The Passion Cast – Love Can Move Mountains	
PIXL - Sugar Rush (Original Mix)	PIXL – Sugar Rush (Original Mix)
Feed Me, Crystal Fighters - Love Is All I Got (Original Mix)	
Charles Atlas - Genova	Charles Atlas – Genova
Bakermat Feat. Marie Plassard – Games	
Rob Gasser - MOVE	
Lapfox - The Answer (Production stem)	
wrath – progressive bullshit	wrath - progressive bullshit
Hasbro Interactive - Frogger 2 - Main Menu	Hasbro Interactive – Frogger 2 – Main Menu
Mishka – final snowfall	
Mert Eser - Hicret (Original Mix)	
Ghost Rider – Soul Recover (Original Mix)	
Origa - Inner Universe	Origa - inner universe
Trent Reznor and Atticus Ross - Intriguing Possibilities	Trent Reznor and Atticus Ross – Intriguing Possibilities
Peace Orchestra - Double Drums	Peace Orchestra – Double Drums
Micky More, Andy Tee - Time feat. Angela Johnson (Original Mix)	
Boom Boom Satellites - Overcome	
Monrroe, Zara Kershaw - Out Of Time Ft. Zara Kershaw (Original Mix)	
Caravan Palace - Miracle	
Upgrade - You Got Me (Original Mix)	
Eric Lumiere, Notaker - Each Other feat. Eric Lumiere (Original Mix)	
Mono:Massive & Philanthrope - Bamboo (Outro)	
Kasra, Slay - Let It Slide (Original Mix)	
The Sponges - Feelin' Alright (Original Mix)	
Paul Simon - 50 Ways To Leave Your Lover	
Dan Veytia – Relax x2 [Phunk Investigation and Dino Lenny vs. FGTH] (Intro Mix)	
SebastiAn - Walkman Re-Edit	SebastiAn – Walkman Re-Edit
Rez the Butcher – Here Come the Prophecy	
Kikoru - Out of Service	
Love & Light, jOBOT - Down Like A Clown	
TV On The Radio - DLZ	
Fatboy Slim - Demons	
F.O.O.L - Knight	
Jeremy Blake – Don’t Wanna Know	
The Queenstons - Humanoid (Mayhem Remix)	
Nitro Fun - Cheat Codes	
Morcheeba – Ray Payola	Morcheeba - Ray Payola
Wilkinson, Hayla - I Need (Wilkinson & Metrik Remix)	
FaltyDL feat. Rosie Lowe - Drugs	
Freeland – Burn the Clock	Freeland - Burn the Clock
X-NoiZe, Sonic Species – Euphoria (Original Mix)	
Darius - iridescence [fabry-pérot ver]	
Jackson And His Computerband – Seal	Jackson And His Computerband - Seal
IB Audio – Lounge Lizard (Reckless Disregard For Gravity Soundtrack – Stage Select)	
Bad Suns - Patience	
Zedd – Candyman	
Supervision – Arcane	
Feed Me - Death By Robot	
Mrs Jynx – Dusty	Mrs Jynx - Dusty
140 Game OST	
Alabama Shakes – Sound & Color	Alabama Shakes - Sound & Color
Boom Boom Satellites – Kick It Out (Live at Sweet Love Shower 2010)	
deadmau5 - BLOOD FOR THE BLOODGOAT (soundcloud rip)	
Paket, Jose Rodríguez (Spain) - Connection (feat. Jose Rodríguez (Spain)) (Original Mix)	
Conro - Without Your Love	
Starcadian - Supersymmetry	
Rchetype - Supernova	
Titus, Going Deeper, Smack - Rare Form (Extended Mix)	
The Eric Whitacre Virtual Choir - Fly to Paradise (DM DOKURO Remix)	
Kill Paris feat. Dutch Robinson - Played Out	
Hilltop Hoods - 1955 (feat. Montaigne & Tom Thum)	Hilltop Hoods – 1955 (feat. Montaigne & Tom Thum)
ROOM FOR ZERO - That's Not Love	
Nicolas Masseyeff – Mugen (Original Mix)	Nicolas Masseyeff - Mugen (Original Mix)
sugi.wa - Je T'aime	
Massive Attack – Teardrop	
BONES UK - Choke	
Robert Burian – So in Love (Extended Mix)	
Kito & Empress Of - Wild Girl	
Tony Anderson - Ariana	
Jackson And His Computerband – Dead Living Things	Jackson And His Computerband - Dead Living Things
Zero 7 - Destiny	
Electrixx, Codename – 5 Million Dollar (Original Mix)	
Zammuto – Need Some Sun	Zammuto - Need Some Sun
Andy Stott - Boutique	
Stickybuds, South Rakkas – Bouncy Bouncy feat. Rage (Slynk Remix)	Stickybuds, South Rakkas - Bouncy Bouncy feat. Rage (Slynk Remix)
Michael Jackson - Thriller (Steve Aoki Midnight Hour Remix)	
Kill the Noise - Louder (feat. Tommy Trash)	
Justice – Tthhee Ppaarrttyy	Justice - Tthhee Ppaarrttyy
Michael Andrews - Time Travel	
Phonat - Never (Icarus Remix)	
Maor Levi, Ilan Bluestone, Gid Sedgwick - Can You feat. Gid Sedgwick (Extended Mix)	
Charlotte Haining - Carried Away (Deadline Remix)	
Avenue Beat - F2020	
Lana Del Rey – Sad Girl	
Fall Out Boy – Centuries (Gazzo Remix)	
Alex Wurman - The Nines Opening	
Professor Kliq - Vast Veridian	
K/DA, Madison Beer, (G)I-DLE, Jaira Burns - POP/STARS	
Glacier - Ubi	
Don Davis - The Hotel Ambush	Don Davis – The Hotel Ambush
Deadmau5, Kiesza - Bridged By A Lightwave (Radio Edit)	
Pig & Dan – Love Song (Stephan Bodzin Freie Liebe Remix)	
Dian Solo - Dance Little Sister (DJ Vartan & Techcrasher Remix)	
Wax Tailor – Que Sera	Wax Tailor - Que Sera
Jeremy Blake - Depression is Here!	
Jeremy Blake - 44.1 16 Bit Aifffff Mono Sample	
Jon Hopkins - The Wider Sun	
Ralph Myerz And The Jack Herren Band – The Teacher	Ralph Myerz And The Jack Herren Band - The Teacher
Darius - ellipses	
Jeremy Blake - Object Permanence	
Bill Brown - Tour Intro - WindowsXP OS	Bill Brown – Tour Intro – Windows XP OS|Bill Brown – Tour Intro Windows XP OS
Winnetka Bowling League - Diane	
AGL - AudioGL Demonstration Video 1	
Ryan Roth - Shutter	
Freeland – Best Fish Tacos in Ensenda	Freeland - Best Fish Tacos in Ensenda
Neus – Naka O Akan (J.A.C.K Remix)	
Jacob, Durs - Beast	
Peace Orchestra - Who Am I? (Animatrix Edit)	Peace Orchestra – Who Am I? (Animatrix Edit)
Mind Tree - Close Your Eyes So You Can See (Pretty Ghost Mix)	
BT – Circles	BT - Circles
Uppermost - Pwnage Method	
Thomas Newman - Drive Away	
Stickybuds, K+Lab, KWADI – Clap Ya Hands Now feat. KWADI (Original Mix)	
Meydän - Glimpse of Eternity	
Lets Be Friends – Invasion of America	
Rage Against The Machine - Wake Up	
Puppet & Pierce Fulton - Just You	
Rage Against The Machine - Killing In The Name	
Fox Stevenson - Turn It Up (Higher)	Fox Stevenson – Turn It Up (Higher)
Professor Kliq - KCGX	
Zammuto – Good Graces	
Boom Boom Satellites – Back On My Feet (Live at Sweet Love Shower 2010)	
Zammuto - My Dog's Eyes	Zammuto – My Dog’s Eyes
COLONEL RED – THIS LIVING	COLONEL RED - THIS LIVING
CUT_ - Out Of Touch (Tinlicker Remix)	
Kasra - From The Outside In (Original Mix)	
Kryder - Crocodile Tears (Extended Mix)	
Goldie - The Mirrored River	Goldie – The Mirrored River
State Of Mind – Bigger Faster Stronger (State Of Mind Remix)	
pronobozo – Coming Back [Explicit]	pronobozo - Coming Back [Explicit]
emma "ＭＳＸ" essex - SELECT_V2 ＊ ON A 777⁷ VOLT TRIP	
Zedd, Liam Payne - Get Low (KUURO Remix)	
Marcus Marr, Chet Faker - The Trouble With Us	
Jeremy Blake - Resonance	
Vanchy - The Wake Up Light	
Jacob Collier - He Won't Hold You	
Grandson - Put Me Under	
Depeche Mode - Never Let Me Down Again (Eric Prydz Remix)	Depeche Mode – Never Let Me Down Again (Eric Prydz Remix)
Pale 3 – The Roof (Pale 3 feat. Michael Brook)	
sneppid – warrior	sneppid - warrior
The Score - Bulletproof [feat. XYLØ]	
Jacob, Who Cares? – Lose Control (Original Mix)	
PIXL - Astrocat	
Nom De Strip, Nezzo – Devil’s BBQ (Original Mix)	
Wolfgun - Metatron	Wolfgun – Metatron
Emapea - Special Update	
Naturalize - Fanjazztic (Remake 2015)	
Kaskade – Atmosphere (Kaskade Redux Edit)	
Birocratic - Extra Fresh	
Auvic - Let's Go, Let's Go (feat. Pipo Fernandez)	
SOPHIE - Faceshopping	
Cornelius Jones – Floored (ft. 3noneTwo)	Cornelius Jones - Floored (ft. 3noneTwo)
YUNGBLUD - Doctor Doctor [Explicit]	
Globus – Europa	
Tokyo Machine - FLAMES (Original Mix)	
Miike Snow - Genghis Khan (Hook N Sling Remix)	Miike Snow – Genghis Khan (Hook N Sling Remix)
Marc Romboy and Stephan Bodzin – Atlas (Gui Boratto Remix)	
Louis the Child – It’s Strange (feat. K.Flay)	Louis The Child - It's Strange (feat. K.Flay)
Don Henley - Sunset Grill	Don Henley – Sunset Grill
Ian Brown - Solarized	
NEFFEX – Backstage	NEFFEX - Backstage
The Family’s Jam – Feelz Good (Original Mix)	The Family's Jam - Feelz Good (Original Mix)
ShockOne - Polygon feat. Reija Lee (Original Mix)	
Natema – Everybody Does (Original Mix)	Natema - Everybody Does (Original Mix)
MEUTE - Rej	
The Queenstons – Rebel With Dangerous Ideas	The Queenstons - Rebel With Dangerous Ideas
Rchetype – Clairvoyant	Rchetype - Clairvoyant
Patten - Epsilon	
Wolfmother - Victorious	
The Weeknd - Blinding Lights (Original Mix)	
Joe Walsh - Rocky Mountain Way	
Apstract - Glimpse Of Forever feat. Nathan Brumley & Charlotte Amadea	
Stephen - Stay (feat. Lindsey Cook)	Stephen – Stay (feat. Lindsey Cook)
Pedestrian Tactics - PT-T46 Cadmium	
Jon Gomm – Passionflower	Jon Gomm - Passionflower
Boom Boom Satellites – Intruder	Boom Boom Satellites - Intruder
Jeremy Blake - Frame of Mind	Jeremy Blake – Frame of Mind
Bonus Points - Sangria Sunset	
Maribou State - Tongue	Maribou State – Tongue
Sia, Kenzie - EXHALE (feat. Sia) (Original Mix)	
The Rolling Stones vs. Paris & Simo, Merk & Kremont – The Devil’s Tundra (Jackson Days Mashup)	
Nintendo – Dire, Dire Docks	
Geb.el – Spacewaltz	
Pirate Jams - I Want You (Original Mix)	Pirate Jams – I Want You (Original Mix)
Austero - Nosebleed	
Classixx - Faraway Reach	
Professor Kliq - Seventeen	
Freeland – Morning Sun	
Tomcraft - When I was sixteen	
20syl - Back & Forth	
Hidden Orchestra - Footsteps	
Joey Fehrenbach - Behold	
The Queenstons - i'm sure it's ok	
Ocelot - Beating Hearts (Blende Extended Mix)	
Goldfish - Fort Knox (2012 edit)	Goldfish – Fort Knox (2012 edit)
Phil Collins - Two Worlds	
Tykwer & Klimek & Heil - Casino	
Felguk – Blow Out (Lazy Rich’s Impossible Remix)	
John Martyn - Small Hours	
Solar Bears - Longer Life	
Will Cady - Fills The Gap	
Far Out – New Beginning	Far Out - New Beginning
Big Data - Dangerous (Oliver Remix)	
Lee Coombs – Control (The Rogue Element Remix)	Lee COOMBS – Control (The Rogue Element remix)|Lee Coombs - Control (The Rogue Element Remix)
Claude VonStroke, Mike Kerrigan - I Caught A Vibe (Original Mix)	
Rabbit Junk – IDONTGIVEAFUCK	
she - Veneer	
BT - Love On Haight Street	
PrototypeRaptor - You (feat. Elizaveta)	
Hi-Lo & Mike Cervello - Impulse	
NAPT - Gotta Have More Cowbell	
Paramore - CrushCrushCrush (Rchetype Remix)	
Simon Boswell - Launch DiVinci	
Carly Rae Jepsen - Run Away With Me	
DivKid – Faturator Presets Demo	
Yoshihisa Hirano & Hideki Taniuchi – Kyrie for orchestra	Yoshihisa Hirano & Hideki Taniuchi - Kyrie for orchestra
Halley Labs Associates - molting	
Air – Playground Love (With Gordon Tracks)	
Pretty Lights – Who Loves Me	
Loverdose - I Remember (Original Mix)	
Aperture Science Psychoacoustics Laboratory – FrankenTurrets	
Kenny Loggins – I’m Alright (Outside – From the Redwoods Version)	
Adam Friedman – Glorious	
Thomas Newman – Dead Already	
Broken Eye – Retro Skank (Original Mix)	
Tamtrum - Smart	
The Avener - Lonely Boy	
Abstraction – Surveillance Drone	Abstraction - Surveillance Drone
IAMAMIWHOAMI – Chasing Kites	iamamiwhoami – Chasing Kites
DJ Vadim – Like The Wind (Afrobad Brukeaton Mix)	
Snail’s House – Pixel Galaxy	
ABBA – The Visitors	ABBA - The Visitors
Parry Gripp - Space Unicorn (Nonserial Remix)	
Johnny ‘Guitar’ Watson – A Real Mother For Ya	Johnny 'Guitar' Watson - A Real Mother For Ya
Adam Freeland - Glowsticks (Original Mix)	Adam Freeland – Glowsticks (Original Mix)
Samra - Africa (Original Mix)	
Herb Alpert & The Tijuana Brass – Spanish Flea	
The Polish Ambassador – Fax Travel	
Moby – New York New York (Radio Edit)	
Modest Mouse - The Air	Modest Mouse – The Air
Schmid - 0x8c	
Kikoru - Are You Sure	
Professor Kliq - 28 Days In 2019	
Sofie Letitre - Slip	
The Cult - She Sells Sanctuary	
Bill Brown – Tour6bed Windows XP	
Darius - modestie	
Syd Arthur - No Peace	
Tegan And Sara – Closer	Tegan And Sara - Closer
Solah, Shyun - Watch Your Step feat. SOLAH (Original Mix)	
Course Of Empire - Infested (Darwin-Goodman Mix)	
Boyinaband – Hello Monsta feat. Minx and Markiplier	
Genesis - I Can't Dance	
Mason – Exceeder (UMEK & Mike Vale Remix)	
Ronald Jenkees - Fifteen Fifty	Ronald Jenkees – Fifteen Fifty
motorcycle – as the rush comes (visinin remix)	
ShockOne - Follow Me (Original Mix)	
Roundhouse - Valante	
Secede - Born In A Tropical Swamp (Kettel Remix)	
Nhato - Atlantis [FNT 138 BPM Edit]	
Muzzy, Koven & Feint – Worth The Lie	
Little Feat - Let It Roll	
Hyperion (Oz) - On The Expressway (General MIDI Mix)	
Röyksopp - Thank You (Original Mix)	
White Lies - Death	
Adrien Toma, Siks - Get Funky (Extended Mix)	
Bonus Points, iamalex - Iced Macchiato	
Zammuto - IO	Zammuto – IO
Huma-Huma - Eureka	
Hybrid - Superpower	
The Correspondents – Fear & Delight	
Infected Mushroom - Walking on the Moon (Original Mix)	
Morton - Brotherhood Of Light (live)	
Madmotormiquel, Sebo – Honey Bomb (Original Mix)	
Mystic State, Elias, Third Degree - Elias & Mystic State - Sister (Mitekiss Remix)	
Amtrac - Undefeated (Evil Nine Remix)	Amtrac – Undefeated (Evil Nine Remix)
Phoenix - Lisztomania (Alex Metric remix) [FNT 127 BPM Edit]	
Sabrepulse - Blood Eagle (Trey Frey Remix)	
Smoke Sign - Compassionate Awakening	Smoke Sign – Compassionate Awakening
City Girl - Ji-eun's Sunset	
Bombs Away – Damn Daniel (Extended Mix)	Bombs Away - Damn Daniel (Extended Mix)
Capital Cities – Love Away	
Underground, Boston – Life Is feat. Vanity Jay (Original Mix)	Underground, Boston - Life Is feat. Vanity Jay (Original Mix)
Netsky, Montell2099 - Mixed Emotions feat. Montell2099 (Original Mix)	
The Shoes - Time to Dance (Sebastian Remix)	The Shoes – Time to Dance (Sebastian Remix)
Wolfgun – Moon River	
Stephan Bodzin – Papillon (Original Mix)	
Lunatic Calm - Leave You Far Behind	
Above & Beyond – A.I. (Original Mix)	Above & Beyond - A.I. (Original Mix)
Blue Wednesday - Cloud Dance ft. Ian Ewing	
The Prodigy - Invaders Must Die	
Paul van Dyk - Nothing But You (Cirrus Mix)	Paul van Dyk – Nothing But You (Cirrus Mix)
Yiannis Ioannides – And Stanley Was Happy	
Pylot - A Race Against Time	
B. Dolan – The Skycycle Blues	
KOAN Sound - Sentient (Azaleh Remix)	
Boom Boom Satellites – Flare	
Le Matos - Kiyoko	Le Matos – Kiyoko
Mark Henning - Jilted Love (Original Mix)	
Will Jay - Lies	
Enrico Sangiuliano - Functional Basic Unit of Life (Original Mix)	
emma essex - 2020_03_01_A almost	
Deeb - Swiss	
Yagya, G.R.I.T. – Expanse (Yagya Remix)	
Miracle Of Sound - Downtime	
Ochre – Neoretro	Ochre - Neoretro
Loud – Abstract	Loud - Abstract
Yotto – Aviate	
Boxcutter - Skuff'd	
Parah Dice & Holy Molly - Everybody's Scared	
Billy Cobham – Quadrant 4	
Phil Collins – Take Me Home	Phil Collins - Take Me Home
Noissier - Signals (Original Mix)	
Infected Mushroom & Bliss feat. Miyavi - Bliss on Mushrooms	
Iris - It Generates [Darker Days v2 Mix]	
Far Too Loud – You Know The Sound feat. Subsource (Original Mix)	
Confetti - Rob A Bank	
jinsang – untold	jinsang - untold
Everything But the Girl - Missing Remix	
Jokke Ilsøe – Feeling Good (Trentemøller Remix)	
AudioDile - Very Young Boy In Jeopardy (Greg Kihn Vs. Square Circle)	
Mathijs Wiermans - Progression	Mathijs Wiermans – Progression
Thomas Vent, The DropStarz, Mary Tales – Drop-N-Tha House (feat. The DropStarz & Mary Tales) (Original Mix)	Thomas Vent, The DropStarz, Mary Tales - Drop-N-Tha House (feat. The DropStarz & Mary Tales) (Original Mix)
Walter Cornelius - Midnight Sun	
Platinum Doug - Brown Sugar (Croatia Squad Remix)	
MetroGnome – iPhone (MetroGnome Remix)	
Outsiders, Freedom Fighters - Sticklights (Modus Remix)	
Justin OH featuring Delaney Kai - Loving Her Loving U	
Nomadic Jurassic - Sand People	
Ryan Roth - Vertibrae	
Dirtwire - No More (feat. Moontricks)	
Technimatic – One Way (Original Mix)	
Tom Tykwer & Johnny Klimek – Sense8 Title Theme	
Sub Focus - Follow The Light	
FWLR - How We Win	
Hihat - Killer Profit Feat. Mark Thomas (Kultur & Colombo Remix)	
deadmau5 - Drama Free (Extended Instrumental)	
Infected Mushroom – Nutmeg	
Loverboy – Working For The Weekend	
mouhammed m - I Dont Belong Here	
Man Made Music - NPR Morning Edition 2019 Billboard	
Dan Shears & The Velveteen Orkestra – Lily	
The Dust Brothers - Marla	The Dust Brothers – Marla
Shameboy, Nobody Beats The Drum – Poisson Vert (Shameboy Remix)	
Rudimental – Powerless (feat. Becky Hill)	
PrototypeRaptor - Rootwork	
Abstraction – Follow Through (soundcloud rip)	
ISAN - Cathart	
KOAN Sound - Boundless	
Tristan Boyle - Into My Spiral Arms	
Shade K - Jerry Show (Original Mix)	
Utah Jazz - Acoustic Jam	
Professor Kliq - Chaos	
Lone - Alpha Wheel	
Lindsey Stirling – Hold My Heart (Don Low Remix)	
Jessi Teich – Dark Thoughts	Jessi Teich - Dark Thoughts
Aetherium - Sacral Chakra	
Rabbit Junk - IDONTGIVEAFUCK (Drencrom Blade Mix)	
London Grammar – Hey Now	London Grammar - Hey Now
Jagwar Twin - Loser	
KOAN Sound - Meanwhile, In The Future (KOAN Sound's What Year Is It Remix)	
Professor Elemental - Don't Feed The Trolls	
BT – The Only Constant is Change	BT - The Only Constant Is Change|BT – The Only Constant Is Change
Thomas Oliver, Hybrid Minds - Jetstream (Original Mix)	
Andrea Doria, LXR - Freak Me (Dave Spoon Remix)	Andrea Doria, LXR – Freak Me (Dave Spoon Remix)
Sickick – Intro (Infected)	
Luttrell – Daylight (Original Mix)	
Janelle Monáe - Dance Apocalyptic	
Deadmau5 - Sofi Needs A Ladder	Deadmau5 – Sofi Needs A Ladder
BANDETTO - Radiata VIP	
fujitsu - Motions	
Stephen Walking - Dads in Space	Stephen Walking – Dads In Space
The Chainsmokers – Sick Boy	
Infected Mushroom – Spitfire	
Sigma – Nobody To Love (Extended Mix)	
GRiZ – Headspace (Time Is On Our Side)	
Gang Of Youths - All My Friends	
Mac Quayle – 1.0_2-oneincontrol.aiff	
Feed Me – Dazed	Feed Me - Dazed
Wild Beasts - Big Cat	Wild Beasts – Big Cat
Brett Domino – Penelope (Please Stop Recommending So Many TV Dramas)	
Au5, Danyka Nadeau - Eden feat. Danyka Nadeau (Original Mix)	
Cheap Trick – Surrender	
Justice - Genesis	Justice – Genesis
Plump DJs - Rocket Soul (Original Mix)	
Filter – Hey Man, Nice Shot	
Mic Newman - The Aries (Original Mix)	
Tezla & Reverence – Swing Thing (Original Mix)	
Jackson And His Computerband – Arp #1	
London Elektricity - All Hell Is Breaking Loose	London Elektricity – All Hell Is Breaking Loose
Neelix – Disco Decay 2008 (Live Mix)	
Keenhouse – Starpower Outage	Keenhouse - Starpower Outage
Boom Boom Satellites - Looking Glass	BOOM BOOM SATELLITES - LOOKING GLASS
Camp Kubrick - Johnny's Online (Original Mix)	
100blumen – Bloodshed	
Curtis Salgado – I’m Not Made That Way	
M83 – Waves, Waves, Waves	
Freeland - Physical World	
OverDoseD – Ancient Voices	
Emapea - Bird's View	
Richard Charnock - Fuzz Factor	
Nils Frahm - For - Peter - Toilet Brushes - More	
James Scalzo - Line of Faces	
Pig & Dan – Sweet September	
Tosca - Loveboat	
Don Henley - The Garden Of Allah	
Thriftworks - Get The Lectroid (Rook Remix)	Thriftworks - Get The Lectroid - Rook Remix
Oliver – Control (Nom De Strip Remix)	Oliver - Control (Nom De Strip Remix)
*NSYNC & BT - Pop	
Renard feat. Futret - Stag Party	
Mat.Joe – Safe Flight (Audiojack’s Closed-Eye Hallucination)	
The M Machine – Tiny Anthem (Original Mix)	
Tamtrum - I Think Of Me When I Touch Myself	
Take That – Happy Now	
Infected Mushroom - Becoming Insane	
Above & Beyond - Common Ground	Above & Beyond – Common Ground
The Presets, Golden Features - Control (Original Mix)	
Reebs - Keep Rockin' (Original Mix)	
Stephan Bodzin - Sonnenwind	Stephan Bodzin – Sonnenwind
Brett Domino – Bad Bad Boy	
Mandragora & 4i20 & Jacob – A Handful Of Moments	
Professor Kliq - This	
Caravan Palace - Clash	
Rchetype - Haunted	
Silk & Fuss - Funky Freddy (Original Mix)	
Schulze & Schultze - Mind Control (Original Mix)	
Shakey Graves – Roll The Bones	
Arctic Monkeys – One For The Road	
Goldfish – 10 Big Band Wolf	
Twenty One Pilots - Semi-Automatic	
Stereo MC's - Connected (Full Length)	
Chris Brown - Fine By Me	Chris Brown – Fine By Me
Mark Knight, D. Ramirez & Underworld - Downpipe (Original Club Mix)	Mark Knight D.Ramirez Underworld - Downpipe (Original Club Mix)|Mark Knight,D. Ramirez & Underworld - Downpipe (Original Club Mix)
Ochre - Glassmaker	Ochre – Glassmaker
Pale 3 – You Can’t Find Peace (Pale 3 feat. Skin)	
Anna Lunoe, RL Grime - Pressure feat. Anna Lunoe (Valentino Khan Remix)	
PrototypeRaptor - Aire Blvd	
Vinnie Maniscalco - TaKillYa	
Nomadic Jurassic - Twin (ft Tashka)	
Staccato, Alchimyst - Rudra (Extended Mix)	
Diplo, Poppy - Time Is Up (Original Mix)	
Shane Koyczan and the Short Story Long – Insider	
Avari - Of The Heavens	Avari – Of The Heavens
Bones UK - Girls Can't Play Guitar [44.1k Resample YouTube Opus]	
Tritonal – GAMMA GAMMA (Jenaux Remix)	
Dimitri Andreas - Run And Hide (Afrilounge remix)	
Bop & Subwave - City Lights	
サカナクション (Sakanaction) - 「聴きたかったダンスミュージック、リキッドルームに」 (dance music (I) wanted to hear, [at the/in the] liquid room)	
Nexboy - Bounce Dat (Original Mix)	
ZHU x A-Trak x Keznamdi – As Crazy As It Is	ZHU x A-Trak x Keznamdi - As Crazy As It Is
Acid Jeep - Magnetic	
Bones UK - Pretty Waste	
Marshmello, Selena Gomez - Wolves (Said The Sky Remix)	
Grandson - Apologize	
Baba Brinkman - Off That (Rationalist Anthem)	
Ed Harrison - Avtomat4 (Rchetype Remix)	
Barely Alive - Welcome to the Real World ft. Diamond Eyes	
Raw Main - Le Chat Noir (Original Mix)	
Mylo - Drop The Pressure (Rex the Dog Remix)	
Joe Ford – Time Is Limited (Original Mix)	
Muzz, Cammie Robinson - Star Glide feat. Cammie Robinson (Original Mix)	
Test Shot Starfish - Forward Nostalgic	
Rootkit - Voyage	
Lauren Zuniga – Energy Drinks	
AVEM - Strum (Original Mix)	
Nicky Romero, Teamworx - Deep Dark Jungle (Extended Mix)	
Tokyo Machine - COOKIES	
Coldplay - Magic	Coldplay – Magic
Quatermass – Black Sheep Of The Family	
Tosca - H.D.A.	
Mac Quayle – 1.3_1-Ichosethis.ogg	Mac Quayle - 1.3_1-Ichosethis.ogg
idealism – a moment of silence	idealism - a moment of silence
Deluka - Trespasser	Deluka – Trespasser
CloudNone & Paul Aiden - Anonymous	
Phantogram – When I’m Small	
mishkaburr – Tongue (Sketch)	
Steve Aoki, Loopers - Pika Pika (Extended Mix)	
Chet Faker - No Diggity	
MIWON - Cool Your Jets	
Emapea - In Nature	
The Faint – The Geeks Were Right (Does It Offend You, Yeah? Remix)	The Faint - The Geeks Were Right (Does It Offend You Yeah? Remix)|The Faint – The Geeks Were Right (Does It Offend You Yeah? Remix)
THBD - Lost In The Night (Feat. Pipa Moran)	
Eric Prydz – Generate (Original Mix)	
RPO, David Weed – The Darkest Symphony (Original Part 1 Mix)	
Twenty One Pilots - Level of Concern	
Eric Harland - Plane Over Kansas	
OVERWERK - Calling ft. Nikon (Gigamesh Remix)	
Daft Punk – Derezzed (The Glitch Mob Remix)	
Katie Costello - Stranger	Katie Costello – Stranger
Christiaan Bakker - Showing Him The Door	Christiaan Bakker – Showing Him The Door
Nicolas Masseyeff - Len (Original Mix)	
Grant - Where Will We Go (Acoustic)	
The Commodores – Brick House (12′ Version)	
The Who – Baba O’Riley (Alan Wilkis Remix)	
Black Strobe – Boogie in Zero Gravity (Extended Version)	Black Strobe - Boogie in Zero Gravity (Extended Version)
Badjokes – The Fonk (Original Mix)	
Cold War Kids - Complainer (3L Sereno Remix)	
Dusty Brown – This City is Killing Me	
Midnight Juggernauts – Road to Recovery	
Burial – Loner (Exist Strategy Remix)	
Chris Neilman – Animatrix OST	
The Darkness – Forbidden Love	
Module – Dont Leave Me Waiting (Single)	
Damabiah – Irminsul, Le Pilier Du Monde (Andrew Bayer Remix)	
deadmau5, Grabbitz – Let Go (Original Mix)	
THE BIG BROTHER & TOM.G – Enigma 140 D#	
XAI - WHITE OUT	
Art Of Tones - Where The One Is (Original Mix)	
Sheldon So Goode - If You Wanna Fly (Yanivi Remix)	
Rihanna - Shut Up And Drive (The Wideboys Club Mix)	
Enei - Sinking VIP (Original Mix)	
R.E.M. – The Great Beyond (Hybrid Remix)	
Landis &amp; Crespo - Funked Up (Original Mix)	
Nathan Fake - The Sky Was Pink (Holden Remix)	
HuDost - Batone Bo	
Weird Al Yankovic - Albuquerque	
Carbon Based Lifeforms – Hydroponic Garden	
Rüfüs - Like An Animal (Yotto Remix)	RÜFÜS – Like An Animal (Yotto Remix)
Mylo – Paris Four Hundred (SebastiAn Remix)	Mylo - Paris Four Hundred (SebastiAn Remix)
Rena Jones - Open Me Slowly	
Flux Pavilion – I Got Something	
神前暁 (Satoru Kōsaki) - Impending darkness	
Kodomo - Concept 1	
DJ Champion – No Heaven	
Carlo Castellano – Theme (The Swapper OST)	
bignic – La Luna	
Dynamite MC, Krafty Kuts - Rollercoaster (Original Mix)	
Survivor OST - The Strong Will Survive	
Donna Lewis - I Love You Always Forever	
Defsharp - You and I	
Crime Zcene - Breathe (Extended Mix)	
Slamtype – Hit Em Like (Original Mix)	Slamtype - Hit Em Like (Original Mix)
Niall Horan - Nice To Meet Ya	
Alec Benjamin - Must Have Been The Wind	
Jeremy Blake - A Dark System	
Low Roar - Bones (feat. Jófríður Ákadóttir)	
Greenskeepers – Vagabond	Greenskeepers - Vagabond
Ani & Beau - The Whale Song	
Casey LaLonde - Petrichor	Casey LaLonde – Petrichor
Radiohead – Desert Island Disk	Radiohead - Desert Island Disk
Page McConnell – Late Edition	
Old Future Fox Gang – Guided Meditation	Old Future Fox Gang - Guided Meditation
Decomposure - Little Drummer Boy	
Karma Fields – Skyline	
Roadkill Ghost Choir - Panik Kit	
Joe Garston - Adventures In Suburbia (Original Mix)	
ASTR  - Activate Me (Minnesota Remix)	
Karl Sav – Octoadic (Original Mix)	Karl Sav - Octoadic (Original Mix)
June - A Little Messed Up	
Underworld - Jumbo	
Filthy Dukes - Messages (Rusty Egan Mix)	
bignic - Meltdown	bignic – Meltdown
Basement Jaxx – Red Alert	Basement Jaxx - Red Alert
Snoop Dogg, Hardwell, Conor Maynard - How You Love Me (Jay Hardway Extended Mix)	
Nobody Beats The Drum – Poisson Vert (Original)	Nobody Beats The Drum - Poisson Vert (Original)
Adhesive Wombat - Feel the Jank (extended)	
XCRPT - Sugar (Original Mix)	
Eddie - Shine (Original Mix)	
Shaka Loves You, Fullee Love - Boogie (WBBL Remix)	
Slynk - Say Yeah (Ft. Dunks)	Slynk – Say Yeah (Ft. Dunks)
Bad Legs - Bad Decision Bitch (Basstyler Remix)	
Neelix – People (Dragon Edit)	Neelix - People (Dragon Edit)
Wolfmother - Chase The Feeling (feat. Chris Cester)	
Under This - Dub Arcade (Original Mix)	
Abstraction - Coming Home	
Low Steppa - Heard It All Before (Extended Mix)	
Nightmares On Wax – You Wish (Original Mix)	
Westwood Recordings - A.Skillz - Track Pant Thing	
Oskar Schuster - Matilda	
she – Hide	
Yotto - Crosswalk	Yotto – Crosswalk
Mewnlight Rose - The Sun Never Sets	
Vulfpeck – Christmas In L.A. (Instrumental)	
Favored Nation - The Set Up	
Shiny Toy Guns – You Are The One	
Klopfgeister - Shadow Of A Smile (Neelix Remix)	
Rchetype - Caravanserai	
Sigala – Give Me Your Love (feat. John Newman & Nile Rodgers)	
Muzzy - Spectrum	Muzzy – Spectrum
The Sure Fire Soul Ensemble - Pig's Feet	
Lorde – Supercut	
SIAMES – The Wolf	
Halley Labs Associates - Pull Yourself Together	
Multiplex, AKOV - Interstellar feat. Multiplex (Original Mix)	
Diplo, Autoerotique - Waist Time (Original Mix)	
jco - carried away	
Digital Freq - Street Fighter (Original Mix)	Digital Freq – Street Fighter (Original Mix)
Hybrid Minds, Charlotte Haining - Higher Love (Bcee Remix)	
Tim Shiel - Weight of Air (feat. Leah Kardos & mara)	
Harry Belafonte - Paradise In Gazankulu	
Upsahl - 12345SEX	
Aetherium - Solar Plexus Chakra	
BT - Superfabulous	
Shiny Toy Guns – It Became A Lie On You	Shiny Toy Guns - It Became A Lie On You
Alex Wackii & Julian Wess - Child Of Light (Alex H 'Deep Space' Intro Mix)	Alex Wackii & Julian Wess – Child Of Light (Alex H ‘Deep Space’ Intro Mix)
Imogen Heap - Hide And Seek	
Kupla - Green Leaves	
Rodrigo y Gabriela - Stairway to Heaven	
Depeche Mode - Dream On	
Jolyon Petch, DaBeat (vocalist) - Thriller (feat. DaBeat) (Extended Mix)	
Hybrid - Light Up (Matt Lange Remix)	
Kodomo - Concept 15	
Trentemøller - Liquid Dreams	
King Gizzard & The Lizard Wizard - The River	
Rising Appalachia & The Human Experience - Sunu	Rising Appalachia & The Human Experience – Sunu
Saliva - Ladies And Gentlemen	
BT – The Great Escape	
Syntax – Bliss (Felix Da Housecat Remix)	
Gorillaz – 19-2000 (Soulchild Remix)	
Fox Stevenson - Comeback	
Jeremy Blake - The Middle	
Hybrid – Just For Today	Hybrid - Just For Today
X&G - WOAG (Original Mix)	
Nine Inch Nails - 26 Ghosts III	
Professor Kliq - Ambition	Professor Kliq – Ambition
Mc2 – Wesh Up (Staunch Remix)	
Bill Whelan - Endless Journey	
Defunk, Slynk - Techno Viking (Original Mix)	
Röyksopp - What Else Is There? (Trentemøller Remix)	
Justice – Helix	Justice - Helix
Prefekt – Martini (Original Mix)	
Rchetype – Get Better	
Eskimo - Sex-A-Holica	
Muse - Dead Inside (Moosak Remix)	Muse – Dead Inside (Moosak Remix)
Alex Wurman - T9S Opening	
Auvic, Pipo Fernandez - Indignation feat. Pipo Fernandez (Original Mix)	
SpectraSoul - Always (Original Mix)	
Rchetype - Age of Progress	Rchetype – Age of Progress
ZHU - Stay Closer	
Criterion Games & Acclaim Entertainment – Burnout Main Menu	Criterion Games & Acclaim Entertainment - Burnout Main Menu
Medeski Martin & Wood – Mami Gato	Medeski Martin & Wood - Mami Gato
Auvic - The Promised	
Professor Kliq - The Most Beautiful Day (2013)	Professor Kliq – The Most Beautiful Day (2013)
Mystical Complex – Kill Them All (Original Mix)	
Microtrauma – Circulate (Original Mix)	
Will Post – Experiment 35 – This Thing	
Township Rebellion – Liquid Green (Original Mix)	
Etherwood - We Are Ever Changing	Etherwood – We Are Ever Changing
StereoCool – The Funktotum (ft. Fais)	
Guggenz - Too Much Sauce	
Herman Martin & Serge Tavitian - The Factory	
Felguk - Monsta Skunk (Original Mix)	
Shiny Toy Guns – The Weather Girl	
Baths – Indoorsy	
Au5 - Etheros	
OVERWERK - Winter	
Hal Kemp - You're The Top	
Aldous Young - Bottles	
Michael Woods - Gold (Lucky Charmes Extended Remix)	
Half an Orange - Mark Twain (Glacier Remix)	
J.A.C.K – M a g e l l a n	J.A.C.K - M a g e l l a n
Jon Benjamin - Jazz Daredevil - Deal With the Devil	
Unlike Pluto - Everything About Nothing	
Justin Jay - Storm ft. Chris Lorenzo	
The Sure Fire Soul Ensemble - Impeach The President feat. Kelly Finnigan	
Zammuto - Sinker	
Infusion – Best In Show	Infusion - Best In Show
Rchetype - Jackal Queenston - Set Me Free (Rchetype Mix)	Rchetype – Jackal Queenston – Set Me Free (Rchetype Mix)
Robert DeLong – Long Way Down	Robert DeLong - Long Way Down
Dirty Vegas – Days Go By	
Plump DJs - Gobbstopper (Original Mix)	
Madeon - Finale (ft. Nicholas Petricca)	
Herman Martin - Peaceful Sector	
Knife Party - Ghost Train	
Slyde - Frequency (NAPT Remix)	Slyde – Frequency (NAPT Remix)
The Pretty Reckless – Fucked Up World	The Pretty Reckless - Fucked Up World
Ludovico Einaudi – Twice	Ludovico Einaudi - Twice
Stickybuds - Send It (Original Mix)	
The Dead Texan - La Ballade d'Alain Georges	The Dead Texan – La Ballade d’Alain Georges
Deepjack – Shattered Dreams (Luminaire Remix)	
Darkside – Paper Trails; Darkside - Heart	
deadmau5 – The Reward Is Cheese (Nom De Strip Remix)	
Jake Chudnow - Moon Men	
she – Day 8	she - Day 8
Biig Piig - Feels Right	
ASA MOTO – Make Me Prada (Original Mix)	ASA MOTO - Make Me Prada (Original Mix)
Helios - First Dream Called Ocean [Stray Medical Mix]	
Unix (UK) - City Lights (Original Mix)	
Super8 &amp; Tab - Mega (Extended Mix)	
Adele – Skyfall	
Boyinaband - Spectrum (ft. Cryaotic & Minx)	
SubTrailss - [h i g h]W a y s	
Jeremy Blake - Holdon	Jeremy Blake – Holdon
Dragonette – We Live In This City (It’s the redLymb Remix!)	
Joel Fletcher – Phantom (Original Mix)	
Jungle - Heavy, California	
Goldfrapp – Hairy Trees	Goldfrapp - Hairy Trees
Wolfgang Gartner - Flashback (Original Mix)	
Matthew Dear – Drop Science (The Sounds of GE)	
Bill Whelan – Amanzi	Bill Whelan - Amanzi
C418 - Floating Trees	
Zolly, Cassian, Vintage Culture - Magical feat. ZOLLY (Vintage Culture Remix)	
Auvic - Swing Out, Jive In (feat. Pipo Fernandez)	
Caravan Palace - Supersonics	
Justin Timberlake - Love Stoned (Justice Remix)	
Halflight - Out of Love (Original Mix)	
Telefon Tel Aviv – You Are The Worst Thing In The World	
London Elektricity – Attack Ships On Fire	
Auvic - Embers Inside (feat. Caroline Kim)	
Fox Stevenson – Arigatou (Extended Mix)	
SVD KID - Hard To Believe (Original Mix)	
Fort Arkansas - The Deep End (Original Club Mix)	
Matrix & Futurebound – American Beauty VIP	
Robbie Rivera, Tom Staar - The Funkatron (Extended Mix)	
Lem Motlow - All I Need	
The Soulbrothers - 21st Century Disco Shit (Miles Dyson Breakfest Edit)	
Zapp & Roger - More Bounce To The Ounce	
AWOLNATION - Hollow Moon (Bad Wolf)	
The Doobie Brothers - Without You	
MUZZ featuring MVE - Out There	
Sublime - What I Got (Reprise)	
Noisia - Decloak (Armajet Soundtrack) (Original Mix)	
Rom Di Prisco - Troposphere	
Mr. Bill, Patrick Leonard - Composite 4	
Yoko Kanno – NY RUSH	
Jukio Kallio - Tending in Drizzle	
Pray For Bass - No Perro No Calle (Original Mix)	
Younger Brother - Sleepwalker Part Two	
Swanky Tunes, Going Deeper – One Million Dollars (Extended Mix)	Swanky Tunes, Going Deeper - One Million Dollars (Extended Mix)
London Elektricity – Point Of No Return	London Elektricity - Point Of No Return
BT – 13 Angels On My Broken Windowsill	BT - 13 Angels On My Broken Windowsill
Intro	
Trevor Something - Analogue Soul	
Sebastian Mullaert – Every Moment, I Am (Original Mix)	
Tee Lopes - Lights, Camera, Action! - Studiopolis Zone Act 1	
Daði Freyr - Where We Wanna Be	
Gui Boratto, Luciana Villanova - Overload (Original Mix)	
Bent - I Love My Man (Lazyboy's Anyone For Tennis Mix)	
Clockwork – Airflow (Valerna Remix)	Clockwork - Airflow (Valerna Remix)
Boom Boom Satellites - Six Forty Five	
Youngman - Special (Original Mix)	
Eric Prydz - Eric Prydz - Niton (The Reason) (Radio Edit)	
BBK, Dmoney - We Breaking (Colombo Remix)	BBK, Dmoney – We Breaking (Colombo Remix)
Soundprank – Downshift (Original Mix)	Soundprank - Downshift (Original Mix)
Beardyman – Before The Fall / Move On	
melodysheep - What Do You Hear?	
Limido - Klappstuhl	
PIXL - The Escape	
Be Svendsen – Andromeda (Original Mix)	Be Svendsen - Andromeda (Original Mix)
Confetti - Right Now	
Redondo, Bolier, She Keeps Bees - Every Single Piece feat. She Keeps Bees (Original Mix)	Redondo, Bolier, She Keeps Bees – Every Single Piece feat. She Keeps Bees (Original Mix)
Nebula-H - Twilight Zone	
COLONEL RED - Wake	COLONEL RED – Wake
Document One - LSD (Original Mix)	
The Heavy - Short Change Hero	
Wolfgang Gartner, K?D – Banshee (Original Mix)	
Vorso - Photonics with Opiuo (Original Mix)	
The Quick Brown Fox – JUST HESITATION	
I See MONSTAS - Evolution	I See MONSTAS – Evolution
The Artful Dodger - Re-Rewind The Crowd Say Bo Selecta (Radio Edit)	
Boom Boom Satellites - Limbo	Boom Boom Satellites – Limbo
Confetti - Ghost	
Formidable Vegetable - Many Many (Revegetated)	
Matrix & Futurebound - Got You There feat. Zelah (Original Mix)	
The Correspondents – Inexplicable (Album Version)	
X-Change - Fuck The Coronavirus (Original Mix)	
Slynk – Focus feat. Granular Sumo	
Metrik - Hackers (Original Mix)	
Abstraction - Field Recording - Rain	
Moontricks - Hellhound	
Daft Punk - Harder Better Faster Stronger (Reality Test Bootleg)	
Muzz, Danyka Nadeau - Somewhere Else feat. Danyka Nadeau (Original Mix)	
Rchetype – Paramore – CrushCrushCrush (Rchetype Remix)	
Tears For Fears – Head Over Heels	
Tykwer & Klimek & Heil - Running Two	Tykwer & Klimek & Heil – Running Two
Pierce Fulton - Wind Shear	
Baba Brinkman - Spread It	Baba Brinkman – Spread It
ATTLAS – Ryat	
Kove - Le Retour (Original Mix)	
Andrew Bayer - Need Your Love (Phonat Remix)	Andrew Bayer – Need Your Love (Phonat Remix)
deadmau5 – Acedia	Deadmau5 – Acedia
K-391 – Earth	
ShockOne – Harmonize	
Unseen Dimensions – Beautiful Day (Jacob Remix)	
Sneaker Pimps - 6 Underground	
OVERWORK - I Feel Better	
Nobody Beats The Drum – Let It Go (Original Mix)	Nobody Beats The Drum - Let It Go (Original Mix)
Losers - Chainsaw (Original Mix)	
bignic - Epic	bignic – Epic
A-ux - Neon Generation	
Annella - Love Music	
Infected Mushroom – Riders on the Storm (Infected Mushroom Remix)	
Tom Petty And The Heartbreaker – Runnin’ Down A Dream	
Conro - Thrill of It	
Steve Baker & Carmen Dave - For Whom The Bell Tolls	
Tokyo Machine - TURBO	
sneppid – watch in awe	
arbour - three hundred miles to u	
The Super Mario Players feat.Kate Davis – Jump Up, Super Star!	
Red Vox - There She Goes	
Orbital - Halcyon and On and On	
Ian Brown - Longsight M13	
Syntact - We're Not Alone (Syntact Remix)	
Stephen - Crossfire	
Skoop on Somebody – happypeople	
Amoss, Fre4knc - Dragger (Original Mix)	
Maha Quest - Doctor Fumu (Original Mix)	
Alkalino – Got It (Original Mix)	
Direct, Mr FijiWiji & Holly Drummond – Trust In Me	
Hybrid – Lights Go Down Knives Come Out	
sneppid – Failure at Point 8	
Artisan - Plexus	
Monome Community - Visinin - House from a Home	
Freeland - Under Control	Freeland – Under Control
Bel Heir – Kiss the Devil	
Mord Fustang - Remedy	
Murcof – Cometa	
OVERWERK – Exist (Club Mix)	
Rockstar - Pause Menu Song	
Hi Voltage - Lets Get Horny (Michael Gray Remix)	
Bones (UK) - Creature	BONES UK - Creature
Goose - Bring it on	Goose – Bring it on
Kevin Soto - While you were here (Original Mix)	
Jackson And His Computerband – Billy	Jackson And His Computerband - Billy
Lemâitre - Closer (Feat. Jennie A.)	
Pendulum - Propane Nightmares (Grabbitz Remix)	
Renard – Sam	
Boston - Panoramic (Original Mix)	Boston – Panoramic (Original Mix)
David Blazer - Finally (Bungalow Remix)	
Alex Wurman – He’s Not Coming Back	
Marc Romboy & Gui Boratto - Eurasia (Gui's Version)	
ODESZA – Across The Room (feat. Leon Bridges)	
MC Frontalot - Final Boss	
Casey LaLonde – New Cities	
Johnny Klimek, Tom Tykwer, and Gabriel Mounsey - Sense8 OST - Too Slow	
Swing Republic - Sing It Back (Swingrowers Remix)	
Shy FX, Sinead Harnett - Too Shy (feat. Sinead Harnett) (Breakage Remix)	
Mayhem – 120 Red	
Sam Houghton & Yakobo - Faraday	
Tinush - Man At Work (soundcloud rip)	
The McMash Clan, Kate Mullins – Swing Break feat. Kate Mullins (Original Mix)	The McMash Clan, Kate Mullins - Swing Break feat. Kate Mullins (Original Mix)
Konsoul - Circular (Original Mix)	
Controls - Forever Techno (Valerna Remix)	
Rchetype - Secondhand Smoke	
Nightmares on Wax - On It Maestro	
cleod9 - never stop dreaming	
Super8 & Tab feat. Jan Burton - Empire (Kerry Leva Remix)	
bignic - Down	
BOOM BOOM SATELLITES – 40-Forty	BOOM BOOM SATELLITES - 40-Forty|Boom Boom Satellites - 40-Forty|BOOM BOOM SATELLITES - 40 -FORTY-
Wet Floor - Inkoming! (Cloud Demo)	
MONO - A Speeding Car	
Tom Tykwer, Johnny Klimek & Reinhold Heil - Driving Into NYC	
Above & Beyond - Good For Me (Live At The Hollywood Bowl)	
Jacob - Reborn (Original Mix)	
Wonky Llama - Omelet	
SWACQ - POW! (Extended Mix)	
Infected Mushroom, Freedom Fighters & Mr. Bill - Freedom Bill	
Idris Muhammad – Loran’s Dance	
hyi - 65 & 1	
Daft Punk - The Grid (The Crystal Method remix)	
The Correspondents - Give You Better	
eleven.five & Arielle Maren – Remember (eleven.five Extended Club Mix)	eleven.five & Arielle Maren - Remember (eleven.five Extended Club Mix)
Sinden, The Count - Beeper feat. Kid Sister (Fake Blood Remix)	
nanobii – Rainbow Road	
Fedde Le Grand - Dancing Together (Original Mix)	
Lem Motlow - The President's Call	
Danielle Nicole - Wolf Den	Danielle Nicole – Wolf Den
Kyan - Lonely River	
KOAN Sound - Chilli Daddy	
Scroobius Pip - Domestic Silence	
Laidback Luke, Keanu Silva - Oh Yes (Rockin' With The Best) (Extended Mix)	
Detach - Timeline (Original Mix)	
DJs from Mars – Phat Ass Drop (Club Mix)	
Tycho – Dictaphone’s Lament	Tycho - Dictaphone's Lament
Tycho - Easy	
Jules, Spencer Brown, Wilt Claybourne - waves.wav feat. Jules (Original Mix)	
City 17 - Making Good Time (V.F.D Remix)	
OK Go – Obsession	
Bad Suns – Salt	
Dan Veytia - Welcome To The Future / Ride Like The Wind [Mord Fustang vs. Vinter In Hollywood]	
D*Note – Sylvia	
TheFatRat - MAYDAY (feat. Laura Brehm)	
half•alive - still feel.	
Micatone - A Part Of Me	
Stephen Paul Taylor - Billions of Years	
Casey LaLonde - Headjack	Casey LaLonde – Headjack
Stephan Bodzin – Liebe Ist…	
Kele – Tenderoni	Kele - Tenderoni
Led Zeppelin – Whole Lotta Love (Mukul & MetroGnome Remix)	
Wilkinson (feat. P Money & Arlissa) – Heartbeat (Mind Vortex Remix)	
Trentemøller - Moan (Trentemøller Remix Radio Edit)	
Basement Jaxx - What a Difference Your Love Makes (Miguel Campbell Remix)	
Goldie - Timeless (I. Inner City Life, II. Jah, III. Pressure)	Goldie – Timeless (I. Inner City Life, II. Jah, III. Pressure)
Small Faces - Ogdens' Nut Gone Flake	
Freeland – Reality 3D	Freeland - Reality 3D
alt-J – Left Hand Free (Extended Version)	
PIXL - Astrocat (Original Mix)	
The Pimps - Sumpin'	The Pimps – Sumpin’
Bill Brown – Guilty	
Nightmares On Wax, Mozez - Citizen Kane (Album Version)	
Froxic - Shock Therapy (Original Mix)	Froxic – Shock Therapy (Original Mix)
Boom Boom Satellites - Shut Up and Explode	
Capital Monkey - Take A Look (Original Mix)	
Space Vision - Go For Landing	
Tosca - Shoulder Angel	
Negativ, Mofaux - Make It Go (Negativ Remix)	
Yanivi – Remember Me (Woman Of The Ghetto)	
Return of the Jaded - Automate (Kyle Watson Remix)	
Blue Wednesday - Middle School (feat. Magnus Klausen)	
nymano x Pandrezz - Hometown	
Justice - Fire	
Ivy Levan – Biscuit (Dave Audé Remix)	Ivy Levan - Biscuit (Dave Audé Remix)
Tally Hall - Out in the Twilight	
The Chemical Brothers - Snow	The Chemical Brothers – Snow
Jon Benjamin - Jazz Daredevil - I Can't Play Piano, Pt. 1	
The Tech Thieves - Heart Made of Stone	
Rob Gasser - Meltdown (Feat. Richard Caddock) (Original Mix)	
Max Sedgley – What’ve I Got To Do? (Original Mix)	Max Sedgley - What've I Got To Do? (Original Mix)
she - Automata	
Summer Bright, Mr Stabalina - Put Ya Hands Up (Original Mix)	
Pola & Bryson, Lauren Archer - Night Dawns (Original Mix)	
Ondamike, Tone Abstract - Last Christmas (Original Mix)	
Tim Carleton & Darrick Deel – Opus No. 1	
Henry Krinkle – Stay (Justin Martin Remix)	
The Chemical Brothers - Escape Velocity	The Chemical Brothers – Escape Velocity
The Blacksmoke Organisation – Danger Global Warming (Trentemøller Remix)	The Blacksmoke Organisation - Danger Global Warming (Trentemøller Remix)
Calyx & TeeBee - Made in Detroit (Original Mix)	
Cold War Kids - Complainer (DJDS Remix)	
XAI - エバーグリーン (Evergreen)	
Favored Nations – The Set Up	Favored Nations - The Set Up
Blackfish – Hidden Shore	
Dark Sky – Badd (Original Mix)	Dark Sky - Badd (Original Mix)
Marshmello, Selena Gomez - Wolves (Owen Norton Remix)	
Studio Killers – Ode To The Bouncer	Studio Killers - Ode To The Bouncer
Knife Party - Superstar	
Designer Drugs – Riot	
Starcadian – HE^RT (Album Mix)	
K-Deejays - Can You Feel It (Original Mix)	
VHS Head - Don't Look in the Closet	
Cheshire - Shout It Out (Original Mix)	
Infected Mushroom - Fields Of Grey (Original Mix)	
TOKiMONSTA - Come and Go feat. VanJess (Halogenix Remix)	
UNKLE – The Answer (Trentemøller Remix) (feat. Big in Japan (Baltimore))	
David Arnold and Michael Price – Opening Title	
Dead Prez - Hell Yea (The Polish Ambassador Remix)	Dead Prez – Hell Yea (The Polish Ambassador Remix)
Anklepants - Fucking the Wild	
Apparat - Contradiction (Lusine remix)	Apparat – Contradiction (Lusine remix)
Thomas Newman – Any Other Name	
Austero - Leyendas	
Olivia Millerschin - Carry Me	
Black Violin – Stereotypes	
CHICAGO¤lollie – Aevum	
Piemont – Ice Instinct	
Freeland - Wish I Was Here	
Notaker – Gems	
Fractal Force - Open Ceremony (Featuring Jai Uttal)	
Kr0t4L - ut4_orbital cafateria music	
The Dandy Warhols - You Come In Burned (JB's Electro Edit)	
Kiasmos – Drawn	
Pierce Fulton - What Is Gonna Make You Happy? feat. Noosa (Urbandawn Remix)	
Alpha 9 - Skin	
Koven – Breathing Me In (Original Mix)	Koven - Breathing Me In (Original Mix)
Bluetech – Unidentified Flying Octopus (Mr. Bill Remix)	
Marsh – Find Me (feat. Katherine Amy) (Extended Mix)	Marsh - Find Me (feat. Katherine Amy) (Extended Mix)
Yuksek - Extra Ball (The Noisy Freaks Remix)	
Monsta – Where Did I Go? [Dillon Francis & Kill Paris Remix]	Monsta - Where Did I Go? [Dillon Francis & Kill Paris Remix]
Dada Life – Freaks Have More Fun (Original Mix)	
Professor Kliq - Superiority Complex	Professor Kliq – Superiority Complex
Winnetka Bowling League - Kombucha (BRKLYN Remix)	
PIXL - Here For You (feat. Q'AILA)	
Fort Knox Five, K+Lab - Jinglin' Janglin' Feat. Baby Bam (Original Mix)	
Bodyrox - Yeah Yeah (Chocolate Puma Remix)	
NUTRONIC - Go Dark (Pedestrian Tactics Remix)	
Romances - Parallels	
Saphwolf - Breathe	
Dossa & Locuzzed – Stoned Love (Original Mix)	
Benjamin Damage - Poly	
Neffle - In Waves	
Tom Holkenborg - Meet Sonic (Before We Start I Gotta Tell You This)	
Chromeo - Bonafied Lovin (Riot in Belgium & Ooh Ee Remix)	Chromeo - Bonafied Lovin' [Riot in Belgium & Ooh-ee Remix]
Eric Rylos - Waking Out of the World	
Civil Twilight - Letters From the Sky	
Telekinesis – Sacrifice	
Oneohtrix Point Never - Lift	
Jeremy Blake – Hedlok (Original Mix)	
OVERWERK – Exist (Original Mix)	
Handsome Boy Modeling School feat. R is n & J-Live - The Truth	
Infected Mushroom (feat. Pegboard Nerds) – Nerds On Mushrooms	
Heartwurkz - Fractals (Original Mix)	
Ray Parker Jr - Just Havin' Fun	
Pendulum – Out Here	Pendulum - Out Here
Fox Stevenson - Trigger (Original Mix)	Fox Stevenson – Trigger (Original Mix)
Aso - Sun In My Face	
Zero T, Villem - String Therapy (Original Mix)	
Justice - New Lands	Justice – New Lands
Tokyo Machine – Bubbles	
DiscoVer. - Vogue (Original Mix)	DiscoVer - Vogue (Original Mix)
Winnetka Bowling League - Feeling California	
Pray For Bass - Let's Go (Original Mix)	
Positive Flow - Tapestries Of My Mind feat. Andre Espeut	
Monsta - Holdin' On	Monsta – Holdin’ On
Indo – Waiting (Original Mix)	
Red Hot Chili Peppers – Dark Necessities	
Snoop Dogg, Hardwell, Conor Maynard - How You Love Me (Thomas Gold Extended Mix)	
Snake City - Trouble Finds Me (Instrumental Version)	
Radiohead - Burn The Witch	Radiohead – Burn The Witch
David Wise – Lobby Theme Tune	
MUZZ feat. PAV4N & Miss Trouble - The Warehouse	
Pendulum – The Tempest	
Paul Oakenfold, Dirty Vegas - Days Go By (Paul Oakenfold Remix)	
Goldfrapp – Ooh La La	
BT - Paris	BT – Paris
Kotek - Communication	
Slynk, Mr Stabalina - Keep The Party Jumping (Original Mix)	
Break, Kyo – Give In to Me (Original Mix)	Break, Kyo - Give In to Me (Original Mix)
Mouldy Soul - Funker	
leon chang - the river god	
Ulrich Schnauss – Blumenwiese Neben Autobahn	Ulrich Schnauss - Blumenwiese Neben Autobahn
FM-3 – Non Stop (Original Mix)	
bt - the hip hop phenomenon	
Pandrezz, j'san. - A Day at the Beach (Original Mix)	
Marvin Aloys, Rough Traders - Get Down Tonight (Original Mix)	
Big Data – Bombs over Brooklyn	
Eelke Kleijn - Pretpakket (Original Mix)	Eelke Kleijn – Pretpakket (Original Mix)
Elite Force - Melodik Hypnotik (Miles Dyson Mix)	
Far Too Loud – Ready For The Stomping	
Dusky – Ingrid Is a Hybrid	Dusky - Ingrid Is a Hybrid
Hasbro Interactive - Frogger Stage Select	
NSync – Pop	
Professor Kliq - Lift (Always Dewaele)	
In Love With A Ghost – we’ve never met but, can we have a coffee or something	
Big Data – The Business of Emotion (feat. White Sea)	
The Crystal Method – Roll It Up	
Seven Lions & Jason Ross – Higher Love feat. Paul Meany (Original Mix)	
Eskimo, DJ Vlado - Ave Summa That (Original)	
Wolfgun - RTJ5 (and Live!)	
Grabbitz & Pierce Fulton - Information Overload	
Février - Divine Place	
Boom Boom Satellites - Entering Orbit	
Fred V & Grafix – Major Happy (Frederic Robinson Remix)	
Max Sedgley - Slowly [v Z-Star]	Max Sedgley – Slowly [v Z-Star]
Curbi, Brooke Tomlinson - Spiritual (Mriya) [feat. Brooke Tomlinson] (Extended Mix)	
Boom Boom Satellites - Shine	Boom Boom Satellites – Shine|BOOM BOOM SATELLITES - SHINE
deadmau5 - Monophobia	
The Prototypes - Into The Night (Original Mix)	
Gui Boratto - Tales From the Lab Part 2 (Original Mix)	Gui Boratto – Tales From the Lab Part 2 (Original Mix)|Gui Boratto - Tales From The Lab (Part 2) - Original Mix
Missill - Glitch feat. Jahcoozi (Original Mix)	
Zedd – The Legend of Zelda (Electrixx remix)	
Wonky Llama – Wonky Llama – Omelet	Wonky Llama - Wonky Llama - Omelet
Haito & Diringer – Perception	Haito & Diringer - Perception
K+Lab - Pull Up feat. Melodownz and Mustafa Akbar (Stickybuds Remix)	
A.Skillz – 7 Day Weekend (Original Mix)	
Approaching Black - I'm Still Breathing (with Shingo Nakamura)	
Curtis Schweitzer - light is laying waste the heavens	
Schmid – 140 Part 3	Schmid - 140 Part 3
HHSU 𓃚 𝕮𝖆𝖒𝖇𝖎𝖚𝖒, 𝕏𝕪𝕝𝕖𝕞, 🙴 𝓗𝓮𝓪𝓻𝓽𝔀𝓸𝓸𝓭 - heaven-adjacent v1.⅒	
Auvic - Fugue Arts	
Hentzup - what you gonna do	
Digitalism – Idealistic (Original Mix)	
zircon - Million Years (ft. Chris Gordon)	
Jeremy Blake - Remember Etta?	
Fall Out Boy – Sugar, We’re Goin Down	
Rootkit – Levitate	Rootkit - Levitate
saiko - jazzy	
Pegboards Nerds & Tristam - Razor Sharp VIP (Vocal Mix)	
Deadmau5 & Wolfgang Gartner - Channel 43 (Radio Edit)	
DJ Fixx – Sawtooth (Original Mix)	
Ben Khan – Eden	
NoMBe - Do Whatchu Want To Me	NoMBe – Do Whatchu Want To Me
Sid Le Rock – Dive Bar (BAAL Remix)	
DC Breaks - Halo Vip (Original Mix)	
The B.Gees - Stayin Alive (Yanivi Remix)	
Moontricks - Midnight Groove (Original Mix)	Moontricks – Midnight Groove (Original Mix)
Brookes Brothers - Now I'm Found (Hillsdom Remix)	
BOOM BOOM SATELLITES - Let it All Come Down	
Xilent - Pixel Journey	
BT - Dreaming	BT – Dreaming
BONES UK - Limbs	
Khurt - We Want (Original Mix)	
Wolfgun – Starchild	
Matt Lange - ...and so on, surrender	
Grafton Primary – All Stars	
Professor Elemental - End Of Level Boss	
Tenacious D - Rize of the Fenix	
Casey LaLonde – Heartfelts	
Throttle – Hit The Road Jack (Extended Mix)	Throttle - Hit The Road Jack (Extended Mix)
Nora En Pure – True (Mark Lower Remix)	
Conte – Wake Me Up (Remix)	
The Sponges - Gotta Move On (Extended Mix)	
Massive Attack - Angel	Massive Attack – Angel
Air - Universal Traveler	
ilLegal Content - Come On Dance (Original Mix)	
The Niceguys - Under Control feat. Greg Blackman	
King Gizzard & the Lizard Wizard - Searching…	
deadmau5 – Snowcone	
Young The Giant - Superposition	
Dirty South, Paul Harris - Better Day feat Rudy (Original Radio Edit)	
Netsky – The Whistle Song (feat. Dynamite MC)	
Taku Iwasaki - Bargain	
Calum Graham – Wild Woman	Calum Graham - Wild Woman
Frankie Goes To Hollywood – Two Tribes (Annihilation) [12”]	Frankie Goes To Hollywood - Two Tribes (Annihilation) [12'']
BT – The Force of Gravity	
Yiannis Ioannides – Control?	Yiannis Ioannides - Control?
Parker & Hanson – Afterthought (Heatbeat Remix)	
Primus – Electric Uncle Sam	
Au5 - Atlantis	
30Hz - Innocent (Far Too Loud Remix)	
The Sponges - Make It Juicy! (Original Mix) [FNT 126 BPM Edit]	
Alex Gopher - The Game (Eddy Temple Morris Remix)	
brakence feat. blackbear - dropout [Explicit]	
delayde - teleshopping	
Kill The Noise, Dillon Francis - Dolphin On Wheels	
KOAN Sound - Viridian Dream	
Mötley Crüe – Dr. Feelgood	
Yestermorrow - Just Amazing (Original mix)	
Martyn - Masks	
Nine Inch Nails - 2 Ghosts I	
Kenny Loggins - I'm Alright	
DANEV - Shaggy (Extended Mix)	
GoldFish, Julia Church – Heart Shaped Box (Original Mix)	GoldFish, Julia Church - Heart Shaped Box (Original Mix)
Karma Fields – Skyline (Acoustic Mix)	
Torcht – Deeper into the Void	Torcht - Deeper into the Void
Au5 - The Void	
Elvis Presley – Love Me Tender	
Sebastien Leger - Forbidden Garden (Tim Green Remix)	
Staunch – My Name Is… (Original Mix)	
Whethan – Aftertaste (feat. Opia)	
Dian Solo - Highway To Hell (Original Mix)	
Kim Dotcom - Good Life	
Dylan Rhymes, Chevy One – Sour Smash (Original Mix)	Dylan Rhymes, Chevy One - Sour Smash (Original Mix)
Mord Fustang – Milky Way (Original Mix)	
DJ Fresh, Shy FX - Gold Dust feat. SHY FX (SHY FX Re-Edit)	
Will Post – World On Fire (Experiment 23)	
missil – glitch	
Paul Pritchard, H. Parsley & Louis Edwards - True Grit	
Neelix - Ask the Right Questions (Original Mix)	
Tripo, Samra - Selfie (Original Mix)	Tripo, Samra – Selfie (Original Mix)
Wolfgun – Mercury	
deuteronomy - mayfrost	
Daniel Gunnarsson - Finally Here (Instrumental Version)	
5 Seconds Of Summer - Hey Everybody!	
Lemon Jelly - Nervous Tension	Lemon Jelly – Nervous Tension
Halley Labs Associates - Rail Trail	
Koda – Staying	
Gregory Porter - Liquid Spirit	
The Herbaliser - Just Won't Stop	The Herbaliser – Just Won’t Stop
Tim Shiel - Tempa	
deadmau5 - Cat Thruster	
Muzzy - Feeling Stronger (feat. Charlotte Colley) (Original Mix)	Muzzy – Feeling Stronger (feat. Charlotte Colley) (Original Mix)
Alex Metric - Pins (Original Mix)	
How to Destroy Angels – Ice Age [deadmau5 Remix]	
BOOM BOOM SATELLITES – Loaded	BOOM BOOM SATELLITES - Loaded
The Rapture - No Sex For Ben	The Rapture – No Sex For Ben
Unseen Dimensions - Pleasure and Pain (Original Mix)	
Benno Blome, Adrian Martin, Benno Blome & Adrian Martin – Echoes from Home (Pazkal Remix)	
Nhato - Magic (Original Mix)	
Tommy Theo, Waze & Odyssey - Always (Extended)	
Professor Kliq – Kwanusila	Professor Kliq - Kwanusila
Boom Boom Satellites - Spellbound	Boom Boom Satellites – Spellbound
McCall, Kuuro - She's Got a Gun feat. McCall (Original Mix)	
Utah Saints – Power To The Beats	
COLONEL RED - Stand Up	COLONEL RED – Stand Up
神前暁 (Satoru Kōsaki) - Inpatience	
Dog Blood - BREAK LAW (Original Mix)	
Hidden Orchestra - Three Islands	
Leftfield – Swords	Leftfield - Swords
Hillsdom - What I Need (Original Mix)	
Nora En Pure – Morning Dew (Original Mix)	Nora En Pure - Morning Dew (Original Mix)
Delta Heavy, Muzzy - Revenge (Original Mix)	
Hot Chip – Flutes (Sasha Remix)	
AC/DC - Wild Reputation	
Swørn - Keep Going	
ARTY - Tim (Extended Mix)	
Platinum Doug – Drive Back, Baby (Original Mix)	Platinum Doug - Drive Back, Baby (Original Mix)
The Crystal Method - Born Too Slow	
Bobby Tank – Requiem (Bobby Tank remix)	
Tube & Berger, in.deed – Highness (Original Mix)	
Ambrosia - Time Waits For No One	
(여자)아이들 / (G)I-DLE - 알고 싶어 / What’s in your house?	
Vaults - Premonitions (Jacques Greene Remix)	Vaults – Premonitions (Jacques Greene Remix)
Icona Pop – I Love It feat. Charli XCX (Hot Mouth Remix)	Icona Pop - I Love It feat. Charli XCX (Hot Mouth Remix)
Knife Party - 404	
El Ten Eleven – Marriage Is The New Going Steady	El Ten Eleven - Marriage Is The New Going Steady
BONES UK - Girls Cant Play Guitar	
saib. - spring waltz	
Boom Boom Satellites - Push Eject	
Milke – Maybe I’m Crazy (Stay Ali Remix)	
Damien N-Drix, MorganJ, Anne July - Sing Swing (feat. Anne July) (Extended Mix)	
Test Shot Starfish - Ascent	
Tosca - Joe Si Ha (Spirit Catcher Remix)	
Terry Riley – A Rainbow in Curved Air	
Adam Freeland – Big Wednesday	Adam FreeLand – Big Wednesday|Adam Freeland - Big Wednesday
Will Post – Experiment 24	
Fox Amoore – Mad World (Cover)	
jinsang - still thinkin'	
Elite Force & Friends - $mere	
Haywyre - Let Me Hear That (Krafty Kuts Remix)	
Flamingosis – don’t lose the feeling	Flamingosis - don't lose the feeling
Murdock - Can't Keep Me Down feat. Shystie, Sena (Vovking Remix)	
bignic - In And Out	
Stealth Kartel - Shadows (Original Mix)	
Knife Party, Pegboard Nerds - Harpoon (Original Mix)	
<strong>talk:</strong>Bill Whelan - Amanzi	
Andrew Bayer vs. Above & Beyond feat. Richard Bedford - Eight Things (Veyote Mashup Edit)	
Mark Ronson feat. Bruno Mars - Uptown Funk	
Nico Vega - Beast	
Huma-Huma – Hydra	
Thomas Gold - Take It Back (To The Oldschool) (Extended Mix)	
Pulpalicious - The Legacy	Pulpalicious-The Legacy
AC-DC – Hells Bells	
Spin Kringle, Bright Idea - Don't Stop (Original Mix)	
Jeremy Blake – Hedlok (Orignal Mix)	Jeremy Blake - Hedlok (Orignal Mix)
Emarosa - Cautious	
Talpa - Absence (Original Mix)	
Nitro Fun - Final Boss	
BSOD - Fives	
fuckmylife - BLOOD FOR THE BLOODGOAT	
Ed Sheeran - I See Fire (Kygo Remix)	
Etienne De Crecy – Am I Wrong (Live Version)	
Tokyo Machine – Blast	
Felguk - Work That Body (Extended Mix)	
Gyvus - Lemon Tea	
Colour Castle – Love Addict (Miguel Campbell Remix)	
Document One - 1964 (Original Mix)	
Boom Boom Satellites – Back On My Feet	
Bonobo – Cirrus	
Daiki Kasho & Jonathan Underdown - SURV1V3	
Tosca - Export Import	
The Chainsmokers, Emily Warren - Side Effects	
killedmyself - that kindled look in her eyes	
Will Post - Experiment 8	Will Post – Experiment 8
Fountains of Wayne – Stacy’s Mom	
Edlan x Djah - Fragile	
Ranji, Tezla - New Ways (Original Mix)	
Ben Coda - Kinetik (Original Mix)	
Thomas Vent - Old No. 1 (Original Mix)	
Nine Inch Nails – Capital G	Nine Inch Nails - Capital G
Above & Beyond – Blue Sky Action	Above & Beyond - Blue Sky Action
Imogen Heap - Daylight Robbery	
Above & Beyond - Always (feat. Zoë Johnston)	Above & Beyond – Always (feat. Zo Johnston)
Ronald Jenkees - Sidetracked	Ronald Jenkees – Sidetracked
Handsome Boy Modeling School – The Truth (feat. Roisin of Moloko & J-Live)	
Marsh - Find Me (feat. Katherine Amy) (Original Mix)	
Fedde Le Grand – Give Me Some (Fedde le Grand, Merk & Kremont) [Radio Edit]	
Tut Tut Child - Eat Me	
Chickenfoot - Soap On A Rope	
Nora En Pure, Lika Morgan - In The Air Tonight (Croatia Squad Extended Remix)	
DESERT STAR - Edge of the World (Original Mix)	
The Quick Brown Fox - JUST HESITATION (HES3 Edit)	The Quick Brown Fox – JUST HESITATION (HES3 Edit)
Luis Torres, Lucas Ariel - Paradise (feat. Lucas Ariel) (Extended Mix)	
PrototypeRaptor - Awe	
Lets Be Friends - Manslaughter (Original Mix)	
Auvic - Inner Journey (feat. Robot Love)	
MYRNE – Afterdark (feat. Aviella)	
Nuits De Sons - Cosmic Girl (Original Mix)	
X-NoiZe, Headroom (SA) - Soulless (Original Mix)	
Slynk - Toys	
Lena Raine - Madeline and Theo	
Technimatic – Stolen Hours (Interlude) (Original Mix)	Technimatic - Stolen Hours (Interlude) (Original Mix)
Com Truise - Iteration	
Feed Me – Silicone Lube	Feed Me - Silicone Lube
Gorillaz - Dare (Noize Generation Remix)	
Dragonette - Live In This City (It's the redLymb Remix!)	
Austin Digo - No More (Illegal Content Remix)	
Rob Dougan – Furious Angels	
santpoort - washed ashore but bright enough to survive	
Boom Boom Satellites - Stain	Boom Boom Satellites – Stain
BT, Matt Fax & Nation Of One - Walk into the Water	
Spencer Brown - Windows 95 on Acid (Original Mix)	
Hugel - Cool (Extended Mix)	
Chris Classic – Beast	Chris Classic - Beast
chad lawson - the story never ends	
The Who - Eminence Front	
Kubbi - Firelight	
CHICAGO¤lollie - A Message From Our Sponsors (Mayhem Remix)	
MA2 - Hearing Is Believing (Serum Remix)	
Calum Graham  - The Nomad	
The Prototypes - Millennia (Original Mix)	
Boom Boom Satellites - Joyride Remix - Progression > Final Operation - BBS Remix	
Tally Hall - Turn the Lights Off	
visinin - storm (pre-release)	
Roland Clark, John Julius Knight, Eddie Thoneick, Kryder - House Music (Main Mix)	
Imperial Leisure – Man On The Street	
I DONT KNOW HOW BUT THEY FOUND ME - Razzmatazz	
Wolfgun - Tombstone	
Mondo Grosso - Everything Needs Love (Vocals by BoA)	
Dire Straits - When It Comes to You	
Maribou State - Varkala	
Aim – Ain’t Got Time To Waste (feat YZ)	
Phaeleh - Afterglow (feat. Soundmouse)	
Spundose – Alien is Familiar (Original Mix)	
Day.din – Charlie wasnt afraid	
BOOM BOOM SATELLITES - 40-Forty (Remaster)	
!!! - Yadnus (Still Going to the Roadhouse mix)	
Dragonette, Mike Mago – Outlines (Original Mix)	
UNION - Darth&Vader - Barbraloss (Mashup)	UNION – Darth&Vader – Barbraloss (Mashup)
Tykwer & Klimek & Heil – Running Three	Tykwer & Klimek & Heil - Running Three
Bonobo - Ibrik (Original Mix)	
bignic - sound	
Jacob, Unseen Dimensions - Other Realms (Original Mix)	
Jonathan Coulton - Still Alive (uppermost remix)	
Fischerspooner – Just Let Go (Thin White Duke Remix)	Fischerspooner - Just Let Go (Thin White Duke Remix)
Adhesive Wombat - Ball Point	
BioBlitZ – Globe Warmer (Original Mix)	BioBlitZ - Globe Warmer (Original Mix)
Trentem�ller - Vamp	Trentemøller - Vamp
Pasha, Ellis - Brand New Phone (Original Mix)	
Seven Monkeys, Reality Test - Snap! (Original Mix)	
Trentemoller - Moan (Vocal Version Feat. Ane Trolle)	
Sundae Sauuce - Wooo!	
Professor Elemental – The Inn At The End Of Time (feat. Nick Maxwell)	Professor Elemental - The Inn At The End Of Time (feat. Nick Maxwell)
Calyx, TeeBee - Long Gone (Original Mix)	
Specimen A, Atomic Drop, Chesire Cat - Back To Back (Original Mix)	
Boom Boom Satellites – All In A Day	
Nickel Creek - Smoothie Song	
Nytron, Andrey Exx – Shine on Me (Original Mix)	
Unknown Artist - Hey Now (Original Mix)	
San Holo - We Rise	
mémoire - La Mer	
Infected Mushroom - Kababies	
Bill Withers – I Can’t Write Left Handed (live)	Bill Withers - I Can't Write Left Handed (live)
Miracle Of Sound - 4am	
BOOM JINX presents BJX – Manipulator	
Ruelle - Until We Go Down	Ruelle – Until We Go Down
Ulrich Schnauss - Between Us And Them	
Mord Fustang – Milky Way [Dan Veytia’s Intro Edit]	
Knife Party - Parliament Funk (Original Mix)	Knife Party – Parliament Funk (Original Mix)
Gramatik - Native Son Prequel (feat. Leo Napier)	
Wolfgun - Lucid Bill	
Casmalia, Johnny 2 Shots - Cookie Jar (Casmalia & Johnny 2 Shots VIP)	
Aphex Twin - Minipops 67 [Source Field Mix]	
Redanka & Quivver - Under The Sun (Deep Into Summer Vocal Mix)	
Within Temptation – Paradise (What About Us?) (Feat. Tarja)	
invention_ - Snowstalgia	
The Midnight – Days Of Thunder (PROFF pres. Soultorque Remix)	
Vinter in Hollywood – Ride like the wind	
Stan SB – The Process	
Yoshihisa Hirano & Hideki Taniuchi - Toward the Climax	
Infected Mushroom - Here We Go Go Go	
Swing Republic - Long Legs	
CloudNone - From Here (Original Mix)	
C2C Feat Derek Martin - Happy	C2C Feat Derek Martin – Happy
Jeremy Blake - Hindsight	
ShockOne – Relapse (Tantrum Desire Remix)	
Citizens Already – We Make The Music (Oddy’s Wobble Remix)	
Day Din - Turn the Page (Original Mix)	
Trentemoller – Sycamore Feeling (Gui Boratto Remix)	
Hardwell - Spaceman (Original Mix)	
Haywyre - I Am You	
Frankie Goes To Hollywood – Two Tribes (Annihilation)	
Darren Styles, Dougal & Gammer – Party Don’t Stop	
Jeremy Blake - Like the World Is New	Jeremy Blake – Like the World Is New
Rising Dust, Coexist (IL) - We Come in Peace (Original Mix)	
Schell Games - I Expect You to Die	
Interactive Noise - Dark Eyes (Original Mix)	
Block & Crown - Lonely Heart (Original Mix)	
Unlike Pluto – Let It Bleed (feat. Cristina Gatti)	
Yoshihisa Hirano, Hideki Taniuchi and Various – Kitai	Yoshihisa Hirano, Hideki Taniuchi and Various - Kitai
Holy Fuck - Tom Tom	Holy Fuck – Tom Tom
Boom Boom Satellites - Loaded (Japan Tour 2006 Live Studio Coast)	
King Flexx - Run It Up (Original Mix)	
Melosense - Connected (Original Mix)	
Shawn Wasabi - THE SNACK THAT SMILES BACK (feat. raychel jay)	
Keeno – Nocturne	
London Grammar - Hey Now (Bonobo Remix)	
Tim Shiel - The Gist Of Us	
30Hz - Daddio (Miles Dyson Remix)	30Hz – Daddio (Miles Dyson Remix)
Curbi, Brooke Tomlinson - Spiritual (Mriya) (Extended Mix)	
Aggresivnes - Stereo Solution (Original Mix)	
Mac Quayle - Mr. Robot Main Theme (Natzure Remix)	
Don Diablo, Matt Nash - Starlight (Could You Be Mine) (Otto Knows Remix)	
神前暁 (Satoru Kōsaki) - Whereabout of truth	
(The) Melvins - Electric Flower (Lovelock Remix)	(The) Melvins – Electric Flower (Lovelock Remix)
Mr. Bill - Corot-7b	
wrath257 - Guitar bossa-jazz fun	wrath257 – Guitar bossa-jazz fun
Glen Phillips - Greer Zoller	
Logistics – Watching The World Go By feat. Alice Smith (Original Mix)	
Zapp & Roger - So Rough So Tough	
zircon - Just Hold On (ft. Jillian Aversa)	
Poets of the Fall - Carnival Of Rust	
Wiskim - Bluebird	
Enya – Orinoco Flow	
Février – Empress (3noneTwo Remix)	Février - Empress (3noneTwo Remix)
Car Seat Headrest - Bodys	
Marc Romboy, Stephan Bodzin – Atlas (Adriatique Remix)	
Laurent Schark – Ghostbusters (Club Mix)	
Mathijs Wiermans – Tiny Steps	
Paul Van Dyk Feat. Hemstock & Jennings – Nothing But You (Cirrus Remix 2)	Paul Van Dyk Feat. Hemstock & Jennings - Nothing But You (Cirrus Remix 2)
Danny Dee - Shake Your Body (Original Mix)	
Smuffy – Sly Bunny	
Qtier - Set Me On (David August Remix)	Qtier – Set Me On (David August Remix)
Stonebank - To The Top	
Miles Dyson - Anthem (Original Mix)	
Eric Johnson, Mike Stern - Red House	
Deadmau5 - Somewhere up in here	
Chromeo – Needy Girl (Earstrip & Woo2tech Remix)	Chromeo -  Needy Girl (Earstrip & Woo2tech Remix)
iamamiwhoami - telesvar (KRONOLOGI version)	
Patrick Carney – BoJack’s Theme (feat. Ralph Carney)	
Alle Farben (feat. Graham Candy) – She Moves	
Prefekt - I See Space (Original Mix)	
Starset – Satellite (TRAILS Remix) (soundcloud rip)	
Dextro – Closer	
Nightmares On Wax – You Wish	
Utah Jazz, Version – Bring Back The Love (Original Mix)	
RAC – Hollywood (featuring Penguin Prison)	
Landis, DJ Crespo - Funked Up (Original Mix)	Landis, DJ Crespo – Funked Up (Original Mix)
Corporate – Ice (Original Mix)	Corporate - Ice (Original Mix)
Oddy – Shiranai (Visinin Lost In London Remix) (Oddy’s Prerelease Master)	
U2 – Daddy’s Gonna Pay For Your Crashed Car (JB’s Insurance Bootleg)	U2 - Daddy's Gonna Pay For Your Crashed Car (JB's Insurance Bootleg)
Freeland – Nowism	Freeland - Nowism
Adam Fielding – Beautiful Desolate Spaces	
Chrome Sparks – Send The Pain On	
Darkside - Paper Trails	Darkside – Paper Trails
Rationale - Fast Lane	Rationale – Fast Lane
Landau - You Are a Commodity	
Freqish - Let's Get High (Original Mix)	
ilLegal Content - Feel Funky (Original)	
Mac Quayle - 405.5 Server Room Access	
The Crystal Method – (Can’t You) Trip Like I Do	
No Mana – Nostalgia Drive (Original Mix)	
Ronald Jenkees – 7 Times	
Pegboard Nerds - Try This	
Urbandawn - Flashforward (Original Mix)	
Boom Boom Satellites – What Goes Round Comes Around	Boom Boom Satellites - What Goes Round Comes Around
Hideki Naganuma - Sneakman	
Pomplamoose – Come Together	
Nena – 99 Luftballons	
RJD2 - Ghostwriter	
Au5 and Chime - Voidwalkers	
The Seatbelts - Tank!	
Skope – Keep on Walking feat. Damien Soul (Original Mix)	
Neus - Amanita	
Kygo – ID (Ultra Music Festival Anthem)	Kygo - ID (Ultra Music Festival Anthem)
Maribou State - The Look	
RJD2 – Chicken-Bone Circuit	RJD2 - Chicken-Bone Circuit
BT - Last Moment Of Clarity	BT - Last Moment of Clarity|BT – Last Moment Of Clarity
Au5 - Answers (Extended Mix)	
Habstrakt - Darkness (Extended Mix)	
Chase & Status - Blind Faith (Original Mix)	
Ostraka - Travel Glide	
Above & Beyond, Marty Longstaff – Tightrope feat. Marty Longstaff (Above & Beyond Club Mix)	Above & Beyond, Marty Longstaff - Tightrope feat. Marty Longstaff (Above & Beyond Club Mix)
B-Side - Patience (Original Mix)	
Break, Boston – If I Could feat. Kyo (Original Mix)	
Wolfgun - Cold Trees	
Julian Smith - Eat Randy	
Microlith - Taking Over	
Concorde – Sons	
Calum Graham - Burning Up	
Gui Boratto – Tales From the Lab Part 1 (Original Mix)	Gui Boratto - Tales From the Lab Part 1 (Original Mix)
Venetian Snares - Twelve	
Death Cab For Cutie – No Room In Frame (NPR Tiny Desk Concert Version)	
Grabbitz - Make You Mine	
The National - Exile Vilify	
Gramatik - Native Son (feat. Raekwon & Leo Napier)	
Darius – This is Only Now	
Rchetype - Speakeasy	
Foster the People – Warrant	
Kungs - This Girl (Kungs Vs. Cookin' On 3 Burners)	
The Reverb Junkie - XWarmm (bonus track)	
Trentemoller – Liquid Dreams	
Rchetype Feat. Wolfgun - Voyager.RT	Rchetype Feat. Wolfgun – Voyager.RT
Chromeo - Fancy Footwork (Kissy Sell Out's Six Different Ways)	
Rabbit Rabbit – TOUCH	Rabbit Rabbit - TOUCH
Charlie Clouser – Charlie Clouser / Hello Zepp	
Fox Stevenson – Essby (6 Months and Counting)	
Matt Wigton - Blue hue	
Goldfrapp - Strict Machine (Single Mix-Remix)	
Eskimo - 5 & 1/2 Stars (Original Mix)	Eskimo – 5 & 1/2 Stars (Original Mix)
Nora En Pure - True (Original Mix)	Nora En Pure – True (Original Mix)
Digital Base, Andy Vibes - Baby Don't Go (Original Mix)	
Will Post - Blade	Will Post – Blade
Bleu Clair & Drinks On Me - Hit List	
Amen Andrews - London	Amen Andrews – London
Mac Quayle - 2.3_1-steel-v4lley.webm	
Jacob, Durs - Beast (Original Mix)	
Bleachers – Rollercoaster	Bleachers - Rollercoaster
Lorde – Royals	
Professor Kliq – Vast Veridian (soundcloud rip)	Professor Kliq - Vast Veridian (soundcloud rip)
ColdCut – More Beats & Pieces [DJ Lord Fader Turntable Mix]	
Chet Faker – Love and Feeling	Chet Faker - Love and Feeling
Captain Hook - Mr. Gold (Original Mix)	Captain Hook – Mr. Gold (Original Mix)
Lauv – I Like Me Better	
Van Halen - Jump (Armin van Buuren Extended Mix)	
PARSONS, Hayley – A Man Named Thomas	PARSONS, Hayley - A Man Named Thomas
ilLegal Content - Give it Up (Original Mix)	
Croatia Squad, Me & My Toothbrush - Scream for Pleasure (Original Mix)	
DJ Galixtro - FNT-206 Live Set	
Module – Remarkable Engines (intro)	Module - Remarkable Engines (intro)
Anevo - Don't Shoot Me Down (feat. Jae-Mi)	Anevo – Don’t Shoot Me Down (feat. Jae-Mi)
James Gruntz, Pablo Nouvelle – Hold On feat. James Gruntz (rrotik Extended Remix)	James Gruntz, Pablo Nouvelle - Hold On feat. James Gruntz (rrotik Extended Remix)
James Egbert - Jettison (Original Mix)	
Urbandawn, Tyson Kelly - Come Together feat. Tyson Kelly (Original Mix)	
Sofi Tukker – Awoo	
Dillon Francis, TV Noise - EDM O' CLOCK (Extended Mix)	
Igorrr & Ruby My Dear – Barbecue	
Nobuko Toda x Kazuma Jinnouchi - Noiseless Warzone	
Tokyo Machine – FIGHT	
Dead Astronauts - Favorite Lover [It Takes Two To Tango Remix]	
Valve - Half Life Credits Closing Theme	
Puppet - Play Pretend	
Jnathyn - Echo	
arthur x medic & Capturelight - Red Okinawa	
AllttA – AllttA (Instrumental)	AllttA - AllttA (Instrumental)
Rico Tubbs - Bottle Cap (Illegal Content Remix)	
Phaxe – Street Lights (Original Mix)	
Sarah McLachlan - Witness	Sarah McLachlan – Witness
Sean Finn, Block & Crown - Smells Like Teen Spirit (Original Mix)	
Boom Boom Satellites - Emergence	
Tim Shiel - Dharmarp	
Seibel - ICO (Original Mix)	
U2 - Mysterious Ways	
The Faint - Erection	The Faint – Erection
Sega - Sonic Mega Collection Plus Game Selection Menu	Sega – Sonic Mega Collection Plus Game Selection Menu
Black Coast – Trndsttr (Lucian Remix) [feat. M. Maggie]	Black Coast - Trndsttr (Lucian Remix) [feat. M. Maggie]
grandson, Moby Rich - Happy Pill	
BOOM BOOM SATELLITES - Amber [Shortened]	
BT - Nicht Musik [Verklärung] No.2 in D major	BT – Nicht Musik [Verklärung] No.2 in D major
Chris Remo - North Backcountry	
James Egbert – No Posers (Original Mix)	
Shiny Toy Guns - Le Disko	
Fedde Le Grand, Merk & Kremont - Give Me Some (Extended Mix)	Fedde Le Grand, Merk & Kremont – Give Me Some (Extended Mix)
Molly Moore - i love you but i don't like you	
Perpetual Present - Machine Elves (Original Mix)	
